stt,name,price,size,support,of_players,genre,system,publisher,developer,languages,release_date
1,Pokémon™ Pokopia,$1.75,Chưa có,Chưa có,Chưa có,Chưa có,Nintendo Switch 2,Nintendo,Chưa có,"Japanese, French, German, Italian, Spanish, Korean, Simplified Chinese, Traditional Chinese, American English",2026
2,Mario Tennis™ Fever,$69.99,10 GB,"TV mode , Tabletop mode , Handheld mode","Single System (1-4) , Online (1-4)",Chưa có,Nintendo Switch 2,Nintendo,Chưa có,"Japanese, British English, French, German, Italian, Spanish, Korean, Dutch, Simplified Chinese, Latin American Spanish, Canadian French, Brazilian Portuguese, Traditional Chinese, American English","February 12, 2026"
3,Animal Crossing™: New Horizons – Nintendo Switch™ 2 Edition Upgrade Pack,$4.99,3 MB,Chưa có,Chưa có,Chưa có,Nintendo Switch 2,Nintendo,Chưa có,Chưa có,"January 15, 2026"
4,Animal Crossing™: New Horizons – Nintendo Switch™ 2 Edition,,10.8 GB,"TV mode , Tabletop mode , Handheld mode","Single System (1-4) , Online (1-12)",Chưa có,Nintendo Switch 2,Nintendo,Nintendo,"Japanese, British English, French, German, Italian, Spanish, Korean, Dutch, Russian, Simplified Chinese, Latin American Spanish, Canadian French, Traditional Chinese, American English","January 15, 2026"
5,Metroid Prime™ 4: Beyond – Nintendo Switch™ 2 Edition Upgrade Pack,$9.99,1.5 GB,Chưa có,Chưa có,Chưa có,Nintendo Switch 2,Nintendo,Chưa có,Chưa có,"December 4, 2025"
6,Metroid Prime™ 4: Beyond – Nintendo Switch™ 2 Edition,$69.99,31.6 GB,"TV mode , Tabletop mode , Handheld mode",Chưa có,Chưa có,Nintendo Switch 2,Nintendo,Chưa có,"Japanese, British English, French, German, Italian, Spanish, Korean, Dutch, Simplified Chinese, Latin American Spanish, Canadian French, Brazilian Portuguese, Traditional Chinese, American English","December 4, 2025"
7,Pokémon™ Friends,$9.99,"Nintendo Switch: 871 MB , Nintendo Switch 2: 871 MB","TV mode , Tabletop mode , Handheld mode",Chưa có,Puzzle,Nintendo Switch,Nintendo,Chưa có,"Japanese, French, German, Italian, Spanish, Korean, Simplified Chinese, Traditional Chinese, American English","July 22, 2025"
8,Donkey Kong™ Bananza,$69.99,8.9 GB,"TV mode , Tabletop mode , Handheld mode",Single System (1-2),"Action , Adventure",Nintendo Switch 2,Nintendo,Chưa có,"Japanese, British English, French, German, Italian, Spanish, Korean, Dutch, Russian, Simplified Chinese, Latin American Spanish, Canadian French, Brazilian Portuguese, Traditional Chinese, American English","July 17, 2025"
9,The Legend of Zelda™: Breath of the Wild – Nintendo Switch™ 2 Edition Upgrade Pack,$9.99,9.6 GB,Chưa có,Chưa có,Chưa có,Nintendo Switch 2,Nintendo,Chưa có,Chưa có,"June 5, 2025"
10,The Legend of Zelda™: Tears of the Kingdom – Nintendo Switch™ 2 Edition Upgrade Pack,$9.99,3.5 GB,Chưa có,Chưa có,Chưa có,Nintendo Switch 2,Nintendo,Chưa có,Chưa có,"June 5, 2025"
11,The Legend of Zelda™: Tears of the Kingdom – Nintendo Switch™ 2 Edition,$79.99,"Nintendo Switch: 16.5 GB , Nintendo Switch 2: 20.1 GB","TV mode , Tabletop mode , Handheld mode",Chưa có,"Action , Adventure",Nintendo Switch 2,Nintendo,Nintendo,"Japanese, British English, French, German, Italian, Spanish, Korean, Dutch, Russian, Simplified Chinese, Latin American Spanish, Canadian French, Brazilian Portuguese, Traditional Chinese, American English","June 5, 2025"
12,The Legend of Zelda™: Breath of the Wild – Nintendo Switch™ 2 Edition,$69.99,"Nintendo Switch: 14.4 GB , Nintendo Switch 2: 24.1 GB","TV mode , Tabletop mode , Handheld mode",Chưa có,"Action , Adventure",Nintendo Switch 2,Nintendo,Nintendo,"Japanese, British English, French, German, Italian, Spanish, Korean, Dutch, Russian, Simplified Chinese, Latin American Spanish, Canadian French, Brazilian Portuguese, Traditional Chinese, American English","June 5, 2025"
13,Nintendo Switch™ 2 Welcome Tour,$9.99,1.7 GB,"TV mode , Tabletop mode , Handheld mode",Chưa có,"Adventure , Education , Simulation",Nintendo Switch 2,Nintendo,Chưa có,"Japanese, British English, French, German, Italian, Spanish, Korean, Dutch, Simplified Chinese, Latin American Spanish, Canadian French, Brazilian Portuguese, Traditional Chinese, American English","June 5, 2025"
14,Nintendo GameCube™ – Nintendo Classics,$0.00,7.3 GB,"TV mode , Tabletop mode , Handheld mode","Single System (1-4) , Online (1-4)",Chưa có,Nintendo Switch 2,Nintendo,Nintendo,"British English, French, German, Italian, Spanish, Korean, Dutch, Portuguese, Russian, Latin American Spanish, Canadian French, Brazilian Portuguese, American English","June 5, 2025"
15,Mario Kart™ World,$79.99,21.9 GB,"TV mode , Tabletop mode , Handheld mode","Single System (1-4) , Online (2-24)","Party , Racing",Nintendo Switch 2,Nintendo,Nintendo,"Japanese, British English, French, German, Italian, Spanish, Korean, Dutch, Portuguese, Russian, Simplified Chinese, Latin American Spanish, Canadian French, Brazilian Portuguese, Traditional Chinese, American English","June 5, 2025"
16,Xenoblade Chronicles™ X: Definitive Edition,$59.99,"Nintendo Switch: 13.5 GB , Nintendo Switch 2: 13.5 GB","TV mode , Tabletop mode , Handheld mode",Chưa có,"Action , Role playing",Nintendo Switch,Nintendo,Chưa có,"Japanese, French, German, Italian, Spanish, Korean, Simplified Chinese, Traditional Chinese, American English","March 20, 2025"
17,Donkey Kong Country™ Returns HD,$59.99,"Nintendo Switch: 8.3 GB , Nintendo Switch 2: 8.3 GB","TV mode , Tabletop mode , Handheld mode",Single System (1-2),Action,Nintendo Switch,Nintendo,Chưa có,"Japanese, British English, French, German, Italian, Spanish, Korean, Dutch, Simplified Chinese, Latin American Spanish, Canadian French, Traditional Chinese, American English","January 16, 2025"
18,Mario & Luigi™: Brothership,$59.99,"Nintendo Switch: 10 GB , Nintendo Switch 2: 10 GB","TV mode , Tabletop mode , Handheld mode",Chưa có,"Action , Role playing",Nintendo Switch,Nintendo,Chưa có,"Japanese, British English, French, German, Italian, Spanish, Korean, Dutch, Simplified Chinese, Latin American Spanish, Canadian French, Brazilian Portuguese, Traditional Chinese, American English","November 7, 2024"
19,Super Mario Party™ Jamboree,$59.99,"Nintendo Switch: 5.4 GB , Nintendo Switch 2: 5.6 GB","TV mode , Tabletop mode , Handheld mode","Single System (1-4) , Online (1-20)","Action , Party , Tabletop",Nintendo Switch,Nintendo,Chưa có,"Japanese, British English, French, German, Italian, Spanish, Korean, Dutch, Russian, Simplified Chinese, Latin American Spanish, Canadian French, Brazilian Portuguese, Traditional Chinese, American English","October 17, 2024"
20,Age verification,Chưa có,Chưa có,Chưa có,Chưa có,Chưa có,Chưa có,Chưa có,Chưa có,Chưa có,Chưa có
21,Nintendo World Championships: NES™ Edition,$29.99,"Nintendo Switch: 435 MB , Nintendo Switch 2: 435 MB","TV mode , Tabletop mode , Handheld mode","Single System (1-8) , Online (1-)","Action , Party",Nintendo Switch,Nintendo,Chưa có,"Japanese, British English, French, German, Italian, Spanish, Korean, Dutch, Simplified Chinese, Latin American Spanish, Canadian French, Brazilian Portuguese, Traditional Chinese, American English","July 18, 2024"
22,Luigi's Mansion™ 2 HD,$59.99,"Nintendo Switch: 3 GB , Nintendo Switch 2: 3 GB","TV mode , Tabletop mode , Handheld mode",Chưa có,"Action , Adventure",Nintendo Switch,Nintendo,Chưa có,"Japanese, British English, French, German, Italian, Spanish, Korean, Dutch, Portuguese, Russian, Simplified Chinese, Latin American Spanish, Canadian French, Traditional Chinese, American English","June 27, 2024"
23,Chưa có,$59.99,Chưa có,Chưa có,Chưa có,Chưa có,Chưa có,Chưa có,Chưa có,Chưa có,Chưa có
24,Paper Mario™: The Thousand-Year Door,$59.99,"Nintendo Switch: 5.1 GB , Nintendo Switch 2: 5.1 GB","TV mode , Tabletop mode , Handheld mode",Chưa có,"Action , Role playing",Nintendo Switch,Nintendo,Chưa có,"Japanese, British English, French, German, Italian, Spanish, Korean, Dutch, Simplified Chinese, Latin American Spanish, Canadian French, Traditional Chinese, American English","May 23, 2024"
25,Endless Ocean™ Luminous,$29.99,"Nintendo Switch: 5 GB , Nintendo Switch 2: 5 GB","TV mode , Tabletop mode , Handheld mode",Chưa có,Adventure,Nintendo Switch,Nintendo,Chưa có,"Japanese, British English, French, German, Italian, Spanish, Korean, Dutch, Simplified Chinese, Latin American Spanish, Canadian French, Traditional Chinese, American English","May 2, 2024"
26,Princess Peach™: Showtime!,$59.99,"Nintendo Switch: 4.7 GB , Nintendo Switch 2: 4.7 GB","TV mode , Tabletop mode , Handheld mode",Chưa có,"Action , Adventure",Nintendo Switch,Nintendo,Chưa có,"Japanese, British English, French, German, Italian, Spanish, Korean, Dutch, Russian, Simplified Chinese, Latin American Spanish, Canadian French, Brazilian Portuguese, Traditional Chinese, American English","March 22, 2024"
27,Mario vs. Donkey Kong™,$49.99,"Nintendo Switch: 1.3 GB , Nintendo Switch 2: 1.3 GB","TV mode , Tabletop mode , Handheld mode",Single System (1-2),"Action , Puzzle",Nintendo Switch,Nintendo,Chưa có,"Japanese, British English, French, German, Italian, Spanish, Korean, Dutch, Simplified Chinese, Latin American Spanish, Canadian French, Traditional Chinese, American English","February 16, 2024"
28,Another Code™: Recollection,$59.99,"Nintendo Switch: 5.2 GB , Nintendo Switch 2: 5.2 GB","TV mode , Tabletop mode , Handheld mode",Chưa có,Adventure,Nintendo Switch,Nintendo,Chưa có,"Japanese, British English, French, German, Italian, Spanish, Korean, Simplified Chinese, Latin American Spanish, Canadian French, Traditional Chinese, American English","January 19, 2024"
29,WarioWare™: Move It!,$49.99,"Nintendo Switch: 1.3 GB , Nintendo Switch 2: 1.3 GB","TV mode , Tabletop mode",Single System (1-4),"Action , Party",Nintendo Switch,Nintendo,Nintendo,"Japanese, British English, French, German, Italian, Spanish, Korean, Dutch, Simplified Chinese, Latin American Spanish, Canadian French, Traditional Chinese, American English","November 3, 2023"
30,Super Mario Bros.™ Wonder,$59.99,"Nintendo Switch: 3.6 GB , Nintendo Switch 2: 3.6 GB","TV mode , Tabletop mode , Handheld mode","Single System (1-4) , Online (1-4)",Action,Nintendo Switch,Nintendo,Nintendo,"Japanese, British English, French, German, Italian, Spanish, Korean, Dutch, Portuguese, Russian, Simplified Chinese, Latin American Spanish, Canadian French, Brazilian Portuguese, Traditional Chinese, American English","October 20, 2023"
31,Detective Pikachu™ Returns,$49.99,"Nintendo Switch: 9 GB , Nintendo Switch 2: 9 GB","TV mode , Tabletop mode , Handheld mode",Chưa có,Adventure,Nintendo Switch,Nintendo,Nintendo,"Japanese, French, German, Italian, Spanish, Korean, Simplified Chinese, Traditional Chinese, American English","October 6, 2023"
32,F-ZERO™ 99,$0.00,"Nintendo Switch: 1.8 GB , Nintendo Switch 2: 1.8 GB","TV mode , Tabletop mode , Handheld mode",Chưa có,Racing,Nintendo Switch,Nintendo,Chưa có,"Japanese, British English, French, German, Italian, Spanish, Korean, Dutch, Simplified Chinese, Latin American Spanish, Canadian French, Brazilian Portuguese, Traditional Chinese, American English","September 14, 2023"
33,Pikmin™ 4,$59.99,"Nintendo Switch: 10.5 GB , Nintendo Switch 2: 10.5 GB","TV mode , Tabletop mode , Handheld mode",Single System (1-2),"Action , Adventure , Strategy",Nintendo Switch,Nintendo,Chưa có,"Japanese, British English, French, German, Italian, Spanish, Korean, Dutch, Simplified Chinese, Latin American Spanish, Canadian French, Brazilian Portuguese, Traditional Chinese, American English","July 21, 2023"
34,Everybody 1-2-Switch!™,$29.99,"Nintendo Switch: 3.4 GB , Nintendo Switch 2: 3.4 GB","TV mode , Tabletop mode",Single System (2-8),"Action , Party",Nintendo Switch,Nintendo,Nintendo,"Japanese, British English, French, German, Italian, Spanish, Korean, Dutch, Russian, Simplified Chinese, Latin American Spanish, Canadian French, Traditional Chinese, American English","June 30, 2023"
35,Pikmin™ 1+2 Bundle,$49.99,Chưa có,Chưa có,Chưa có,"Action , Adventure , Strategy",Nintendo Switch,Nintendo,Chưa có,Chưa có,"June 21, 2023"
36,Pikmin™ 2,$29.99,"Nintendo Switch: 1.1 GB , Nintendo Switch 2: 1.1 GB","TV mode , Tabletop mode , Handheld mode",Single System (1-2),"Action , Adventure , Strategy",Nintendo Switch,Nintendo,Chưa có,"Japanese, British English, French, German, Italian, Spanish, Korean, Dutch, Simplified Chinese, Latin American Spanish, Canadian French, Traditional Chinese, American English","June 21, 2023"
37,Pikmin™ 1,$29.99,"Nintendo Switch: 1.2 GB , Nintendo Switch 2: 1.2 GB","TV mode , Tabletop mode , Handheld mode",Chưa có,"Action , Adventure , Strategy",Nintendo Switch,Nintendo,Chưa có,"Japanese, British English, French, German, Italian, Spanish, Korean, Dutch, Simplified Chinese, Latin American Spanish, Canadian French, Traditional Chinese, American English","June 21, 2023"
38,The Legend of Zelda™: Tears of the Kingdom,$69.99,"Nintendo Switch: 16.5 GB , Nintendo Switch 2: 16.6 GB","TV mode , Tabletop mode , Handheld mode",Chưa có,"Action , Adventure",Nintendo Switch,Nintendo,Chưa có,"Japanese, British English, French, German, Italian, Spanish, Korean, Dutch, Russian, Simplified Chinese, Latin American Spanish, Canadian French, Brazilian Portuguese, Traditional Chinese, American English","May 12, 2023"
39,Bayonetta Origins: Cereza and the Lost Demon™,$59.99,"Nintendo Switch: 3.2 GB , Nintendo Switch 2: 3.2 GB","TV mode , Tabletop mode , Handheld mode",Chưa có,"Action , Adventure",Nintendo Switch,Nintendo,Nintendo,"Japanese, British English, French, German, Italian, Spanish, Korean, Russian, Simplified Chinese, Traditional Chinese","March 17, 2023"
40,Kirby’s Return to Dream Land™ Deluxe,$59.99,"Nintendo Switch: 5 GB , Nintendo Switch 2: 5 GB","TV mode , Tabletop mode , Handheld mode","Single System (1-4) , Online (1-)",Action,Nintendo Switch,Nintendo,Nintendo,"Japanese, British English, French, German, Italian, Spanish, Korean, Dutch, Simplified Chinese, Latin American Spanish, Canadian French, Brazilian Portuguese, Traditional Chinese, American English","February 24, 2023"
41,Metroid Prime™ Remastered,$39.99,"Nintendo Switch: 6.8 GB , Nintendo Switch 2: 6.8 GB","TV mode , Tabletop mode , Handheld mode",Chưa có,"Action , Adventure , Shooting",Nintendo Switch,Nintendo,Chưa có,"Japanese, British English, French, German, Italian, Spanish, Korean, Dutch, Simplified Chinese, Latin American Spanish, Canadian French, Traditional Chinese, American English","February 8, 2023"
42,Game Boy™ Advance – Nintendo Classics,$0.00,"Nintendo Switch: 485 MB , Nintendo Switch 2: 485 MB","TV mode , Tabletop mode , Handheld mode",Chưa có,Chưa có,Nintendo Switch,Nintendo,Chưa có,"British English, French, German, Italian, Spanish, Korean, Dutch, Portuguese, Russian, Latin American Spanish, Canadian French, American English","February 8, 2023"
43,Game Boy™ – Nintendo Switch Online,$0.00,"Nintendo Switch: 146 MB , Nintendo Switch 2: 146 MB","TV mode , Tabletop mode , Handheld mode",Chưa có,Chưa có,Nintendo Switch,Nintendo,Chưa có,"British English, French, German, Italian, Spanish, Korean, Dutch, Portuguese, Russian, Latin American Spanish, Canadian French, American English","February 8, 2023"
44,Fire Emblem™ Engage,$59.99,"Nintendo Switch: 16.6 GB , Nintendo Switch 2: 16.6 GB","TV mode , Tabletop mode , Handheld mode",Chưa có,"Role playing , Strategy",Nintendo Switch,Nintendo,Nintendo,"Japanese, British English, French, German, Italian, Spanish, Korean, Simplified Chinese, Latin American Spanish, Traditional Chinese, American English","January 20, 2023"
45,Pokémon™ Scarlet and Pokémon™ Violet Double Pack,$59.99,Chưa có,Chưa có,Chưa có,Role playing,Nintendo Switch,Nintendo,Chưa có,Chưa có,"November 18, 2022"
46,Pokémon™ Violet,$59.99,"Nintendo Switch: 9.9 GB , Nintendo Switch 2: 10.1 GB","TV mode , Tabletop mode , Handheld mode",Chưa có,Role playing,Nintendo Switch,Nintendo,Nintendo,"Japanese, French, German, Italian, Spanish, Korean, Simplified Chinese, Traditional Chinese, American English","November 18, 2022"
47,Pokémon™ Scarlet,$59.99,"Nintendo Switch: 9.9 GB , Nintendo Switch 2: 10.1 GB","TV mode , Tabletop mode , Handheld mode",Chưa có,Role playing,Nintendo Switch,Nintendo,Nintendo,"Japanese, French, German, Italian, Spanish, Korean, Simplified Chinese, Traditional Chinese, American English","November 18, 2022"
48,Splatoon™ 3,$59.99,"Nintendo Switch: 9.9 GB , Nintendo Switch 2: 9.9 GB","TV mode , Tabletop mode , Handheld mode",Chưa có,"Action , Shooting",Nintendo Switch,Nintendo,Nintendo,"Japanese, French, German, Italian, Spanish, Korean, Dutch, Russian, Simplified Chinese, Traditional Chinese, American English","September 9, 2022"
49,Kirby’s Dream Buffet™,$14.99,"Nintendo Switch: 1.2 GB , Nintendo Switch 2: 1.2 GB","TV mode , Tabletop mode , Handheld mode","Single System (1-2) , Online (1-4)","Action , Racing",Nintendo Switch,Nintendo,Nintendo,"Japanese, British English, French, German, Italian, Spanish, Korean, Dutch, Simplified Chinese, Latin American Spanish, Canadian French, Brazilian Portuguese, Traditional Chinese, American English","August 17, 2022"
50,Xenoblade Chronicles™ 3,$59.99,"Nintendo Switch: 14.4 GB , Nintendo Switch 2: 14.4 GB","TV mode , Tabletop mode , Handheld mode",Chưa có,"Action , Role playing",Nintendo Switch,Nintendo,Nintendo,"Japanese, British English, French, German, Italian, Spanish, Korean, Simplified Chinese, Traditional Chinese","July 29, 2022"
51,LIVE A LIVE,$49.99,"Nintendo Switch: 4.7 GB , Nintendo Switch 2: 4.7 GB","TV mode , Tabletop mode , Handheld mode",Chưa có,Role playing,Nintendo Switch,Nintendo,Nintendo,"Japanese, French, German, Italian, Spanish, Korean, Simplified Chinese, Traditional Chinese, American English","July 22, 2022"
52,Fire Emblem Warriors: Three Hopes,$59.99,"Nintendo Switch: 13.5 GB , Nintendo Switch 2: 13.5 GB","TV mode , Tabletop mode , Handheld mode",Single System (1-2),"Action , Strategy",Nintendo Switch,Nintendo,Nintendo,"Japanese, French, German, Italian, Spanish, Korean, Simplified Chinese, Latin American Spanish, Traditional Chinese, American English","June 24, 2022"
53,Mario Strikers™: Battle League,$59.99,"Nintendo Switch: 2.8 GB , Nintendo Switch 2: 2.8 GB","TV mode , Tabletop mode , Handheld mode","Single System (1-8) , Online (1-8)","Action , Sports",Nintendo Switch,Nintendo,Nintendo,"Japanese, British English, French, German, Italian, Spanish, Korean, Dutch, Portuguese, Russian, Simplified Chinese, Latin American Spanish, Canadian French, Brazilian Portuguese, Traditional Chinese, American English","June 10, 2022"
54,Nintendo Switch™ Sports,$39.99,"Nintendo Switch: 3.2 GB , Nintendo Switch 2: 3.2 GB","TV mode , Tabletop mode","Single System (1-4) , Online (1-2)","Action , Party , Sports",Nintendo Switch,Nintendo,Nintendo,"Japanese, British English, French, German, Italian, Spanish, Korean, Dutch, Portuguese, Russian, Simplified Chinese, Latin American Spanish, Canadian French, Traditional Chinese, American English","April 29, 2022"
55,Kirby™ and the Forgotten Land,$59.99,"Nintendo Switch: 5.8 GB , Nintendo Switch 2: 5.9 GB","TV mode , Tabletop mode , Handheld mode",Single System (1-2),"Action , Adventure",Nintendo Switch,Nintendo,Nintendo,"Japanese, British English, French, German, Italian, Spanish, Korean, Dutch, Simplified Chinese, Latin American Spanish, Canadian French, Traditional Chinese, American English","March 25, 2022"
56,Pokémon™ Legends: Arceus,$59.99,"Nintendo Switch: 6.1 GB , Nintendo Switch 2: 6.1 GB","TV mode , Tabletop mode , Handheld mode",Chưa có,"Action , Role playing",Nintendo Switch,Nintendo,Nintendo,"Japanese, French, German, Italian, Spanish, Korean, Simplified Chinese, Traditional Chinese, American English","January 28, 2022"
57,Big Brain Academy™: Brain vs. Brain,$29.99,"Nintendo Switch: 720 MB , Nintendo Switch 2: 805 MB","TV mode , Tabletop mode , Handheld mode","Single System (1-4) , Online (1-)",Training,Nintendo Switch,Nintendo,Nintendo,"Japanese, British English, French, German, Italian, Spanish, Korean, Dutch, Russian, Simplified Chinese, Latin American Spanish, Canadian French, Traditional Chinese, American English","December 3, 2021"
58,Pokémon™ Brilliant Diamond and Pokémon™ Shining Pearl Double Pack,$119.99,Chưa có,Chưa có,Chưa có,Role playing,Nintendo Switch,Nintendo,Chưa có,Chưa có,"November 19, 2021"
59,Pokémon™ Shining Pearl,$59.99,"Nintendo Switch: 6.9 GB , Nintendo Switch 2: 6.9 GB","TV mode , Tabletop mode , Handheld mode",Chưa có,Role playing,Nintendo Switch,Nintendo,Nintendo,"Japanese, French, German, Italian, Spanish, Korean, Simplified Chinese, Traditional Chinese, American English","November 19, 2021"
60,Pokémon™ Brilliant Diamond,$59.99,"Nintendo Switch: 6.9 GB , Nintendo Switch 2: 6.9 GB","TV mode , Tabletop mode , Handheld mode",Chưa có,Role playing,Nintendo Switch,Nintendo,Nintendo,"Japanese, French, German, Italian, Spanish, Korean, Simplified Chinese, Traditional Chinese, American English","November 19, 2021"
61,SEGA Genesis™ – Nintendo Switch Online,$0.00,"Nintendo Switch: 226 MB , Nintendo Switch 2: 226 MB","TV mode , Tabletop mode , Handheld mode","Single System (1-2) , Online (2-)",Chưa có,Nintendo Switch,Nintendo,Chưa có,"British English, French, German, Italian, Spanish, Korean, Dutch, Portuguese, Russian, Latin American Spanish, Canadian French, Brazilian Portuguese, American English","October 25, 2021"
62,Nintendo 64™ – Nintendo Classics,$0.00,"Nintendo Switch: 1.8 GB , Nintendo Switch 2: 1.9 GB","TV mode , Tabletop mode , Handheld mode","Single System (1-4) , Online (2-4)",Chưa có,Nintendo Switch,Nintendo,Chưa có,"British English, French, German, Italian, Spanish, Korean, Dutch, Portuguese, Russian, Latin American Spanish, Canadian French, Brazilian Portuguese, American English","October 25, 2021"
63,Metroid™ Dread,$59.99,"Nintendo Switch: 4.3 GB , Nintendo Switch 2: 4.3 GB","TV mode , Tabletop mode , Handheld mode",Chưa có,"Action , Adventure , Shooting",Nintendo Switch,Nintendo,Chưa có,"Japanese, French, German, Italian, Spanish, Korean, Dutch, Russian, Simplified Chinese, Latin American Spanish, Canadian French, Traditional Chinese, American English","October 8, 2021"
64,WarioWare™: Get It Together!,$49.99,"Nintendo Switch: 1.3 GB , Nintendo Switch 2: 1.3 GB","TV mode , Tabletop mode , Handheld mode",Single System (1-4),"Action , Party",Nintendo Switch,Nintendo,Chưa có,"Japanese, British English, French, German, Italian, Spanish, Korean, Dutch, Russian, Simplified Chinese, Latin American Spanish, Canadian French, Traditional Chinese, American English","September 10, 2021"
65,The Legend of Zelda™: Skyward Sword HD,$59.99,"Nintendo Switch: 7.1 GB , Nintendo Switch 2: 7.1 GB","TV mode , Tabletop mode , Handheld mode",Chưa có,"Action , Adventure",Nintendo Switch,Nintendo,Chưa có,"Japanese, British English, French, German, Italian, Spanish, Korean, Dutch, Russian, Simplified Chinese, Latin American Spanish, Canadian French, Traditional Chinese, American English","July 16, 2021"
66,Mario Golf™: Super Rush,$59.99,"Nintendo Switch: 4.2 GB , Nintendo Switch 2: 4.2 GB","TV mode , Tabletop mode , Handheld mode","Single System (1-4) , Online (2-4)","Action , Party , Sports",Nintendo Switch,Nintendo,Nintendo,"Japanese, French, German, Italian, Spanish, Korean, Dutch, Russian, Simplified Chinese, Latin American Spanish, Canadian French, Traditional Chinese, American English","June 25, 2021"
67,Game Builder Garage™,$29.99,"Nintendo Switch: 1 GB , Nintendo Switch 2: 1.1 GB","TV mode , Tabletop mode , Handheld mode",Chưa có,"Application , Education",Nintendo Switch,Nintendo,Chưa có,"Japanese, British English, French, German, Italian, Spanish, Korean, Dutch, Simplified Chinese, Latin American Spanish, Canadian French, Traditional Chinese, American English","June 11, 2021"
68,DC Super Hero Girls™: Teen Power,$59.99,"Nintendo Switch: 2 GB , Nintendo Switch 2: 2 GB","TV mode , Tabletop mode , Handheld mode",Chưa có,"Action , Adventure",Nintendo Switch,Nintendo,Chưa có,"Japanese, German, Italian, Latin American Spanish, Canadian French, American English","June 4, 2021"
69,Miitopia™,$49.99,"Nintendo Switch: 3.1 GB , Nintendo Switch 2: 3.1 GB","TV mode , Tabletop mode , Handheld mode",Chưa có,Role playing,Nintendo Switch,Nintendo,Chưa có,"Japanese, British English, French, German, Italian, Spanish, Korean, Dutch, Simplified Chinese, Latin American Spanish, Canadian French, Traditional Chinese, American English","May 21, 2021"
70,Famicom Detective Club™: The Two-Case Collection,$59.98,Chưa có,Chưa có,Chưa có,Narrative adventure,Nintendo Switch,Nintendo,Chưa có,Chưa có,"May 14, 2021"
71,Famicom Detective Club™: The Missing Heir,$34.99,"Nintendo Switch: 1.6 GB , Nintendo Switch 2: 1.6 GB","TV mode , Tabletop mode , Handheld mode",Chưa có,Narrative adventure,Nintendo Switch,Nintendo,Chưa có,American English,"May 14, 2021"
72,Famicom Detective Club™: The Girl Who Stands Behind,$34.99,"Nintendo Switch: 1.9 GB , Nintendo Switch 2: 1.9 GB","TV mode , Tabletop mode , Handheld mode",Chưa có,Narrative adventure,Nintendo Switch,Nintendo,Chưa có,American English,"May 14, 2021"
73,New Pokémon Snap™,$49.99,"Nintendo Switch: 6.9 GB , Nintendo Switch 2: 6.9 GB","TV mode , Tabletop mode , Handheld mode",Chưa có,Action,Nintendo Switch,Nintendo,Chưa có,"Japanese, French, German, Italian, Spanish, Korean, Simplified Chinese, Traditional Chinese, American English","April 30, 2021"
74,BRAVELY DEFAULT™ II,$59.99,"Nintendo Switch: 12.4 GB , Nintendo Switch 2: 12.4 GB","TV mode , Tabletop mode , Handheld mode",Chưa có,Role playing,Nintendo Switch,Nintendo,Chưa có,"Japanese, British English, French, German, Italian, Spanish, Korean, Simplified Chinese, Traditional Chinese, American English","February 26, 2021"
75,Fitness Boxing 2: Rhythm & Exercise,$49.99,"Nintendo Switch: 3.8 GB , Nintendo Switch 2: 3.8 GB","TV mode , Tabletop mode",Single System (1-2),"Sports , Training",Nintendo Switch,Nintendo,Chưa có,"Japanese, French, German, Italian, Spanish, Korean, Simplified Chinese, Traditional Chinese, American English","December 4, 2020"
76,Hyrule Warriors: Age of Calamity,$59.99,"Nintendo Switch: 11.1 GB , Nintendo Switch 2: 11.1 GB","TV mode , Tabletop mode , Handheld mode",Single System (1-2),Action,Nintendo Switch,Nintendo,Chưa có,"Japanese, German, Italian, Spanish, Korean, Dutch, Simplified Chinese, Latin American Spanish, Canadian French, Traditional Chinese, American English","November 20, 2020"
77,Animal Crossing: New Horizons Island Transfer Tool,$0.00,"Nintendo Switch: 46 MB , Nintendo Switch 2: 46 MB","TV mode , Tabletop mode , Handheld mode",Chưa có,Application,Nintendo Switch,Nintendo,Chưa có,"Japanese, British English, French, German, Italian, Spanish, Korean, Dutch, Russian, Simplified Chinese, Latin American Spanish, Canadian French, Traditional Chinese, American English","November 18, 2020"
78,Pikmin™ 3 Deluxe,$59.99,"Nintendo Switch: 6.5 GB , Nintendo Switch 2: 6.5 GB","TV mode , Tabletop mode , Handheld mode",Single System (1-2),"Action , Adventure , Strategy",Nintendo Switch,Nintendo,Chưa có,"Japanese, British English, French, German, Italian, Spanish, Korean, Simplified Chinese, Latin American Spanish, Canadian French, Traditional Chinese, American English","October 30, 2020"
79,Part Time UFO™,$8.99,"Nintendo Switch: 194 MB , Nintendo Switch 2: 194 MB","TV mode , Tabletop mode , Handheld mode",Single System (1-2),Action,Nintendo Switch,Nintendo,Chưa có,"Japanese, British English, French, German, Italian, Spanish, Korean, Simplified Chinese, Latin American Spanish, Canadian French, Traditional Chinese, American English","October 28, 2020"
80,Mario Kart Live: Home Circuit™,$0.00,"Nintendo Switch: 2 GB , Nintendo Switch 2: 2 GB","TV mode , Tabletop mode , Handheld mode",Single System (1-4),Racing,Nintendo Switch,Nintendo,Chưa có,"Japanese, British English, French, German, Italian, Spanish, Korean, Dutch, Simplified Chinese, Latin American Spanish, Canadian French, Traditional Chinese, American English","October 16, 2020"
81,Kirby Fighters™ 2,$19.99,"Nintendo Switch: 1.1 GB , Nintendo Switch 2: 1.1 GB","TV mode , Tabletop mode , Handheld mode","Single System (1-4) , Online (2-4)",Fighting,Nintendo Switch,Nintendo,Chưa có,"Japanese, British English, French, German, Italian, Spanish, Korean, Dutch, Simplified Chinese, Latin American Spanish, Canadian French, Traditional Chinese, American English","September 23, 2020"
82,Paper Mario™: The Origami King,$59.99,"Nintendo Switch: 6.5 GB , Nintendo Switch 2: 6.5 GB","TV mode , Tabletop mode , Handheld mode",Chưa có,"Action , Adventure",Nintendo Switch,Nintendo,Chưa có,"Japanese, French, German, Italian, Spanish, Korean, Dutch, Simplified Chinese, Latin American Spanish, Canadian French, Traditional Chinese, American English","July 17, 2020"
83,Pokémon Café ReMix,$0.00,"Nintendo Switch: 574 MB , Nintendo Switch 2: 574 MB",Handheld mode,Chưa có,Puzzle,Nintendo Switch,Nintendo,Chưa có,"Japanese, German, Italian, Korean, Latin American Spanish, Canadian French, Traditional Chinese, American English","June 23, 2020"
84,Jump Rope Challenge,$0.00,"Nintendo Switch: 162 MB , Nintendo Switch 2: 162 MB","TV mode , Tabletop mode",Single System (1-2),"Application , Training",Nintendo Switch,Nintendo,Chưa có,"Japanese, British English, French, German, Italian, Spanish, Korean, Dutch, Portuguese, Russian, Simplified Chinese, Latin American Spanish, Canadian French, Traditional Chinese, American English","June 15, 2020"
85,Good Job!™,$19.99,"Nintendo Switch: 419 MB , Nintendo Switch 2: 419 MB","TV mode , Tabletop mode , Handheld mode",Single System (1-2),"Action , Puzzle",Nintendo Switch,Nintendo,Nintendo,"Japanese, British English, French, German, Italian, Spanish, Korean, Dutch, Latin American Spanish, Canadian French, American English","March 26, 2020"
86,Animal Crossing™: New Horizons,$59.99,"Nintendo Switch: 10.2 GB , Nintendo Switch 2: 10.2 GB","TV mode , Tabletop mode , Handheld mode","Single System (1-4) , Online (1-8)",Simulation,Nintendo Switch,Nintendo,Chưa có,"Japanese, British English, French, German, Italian, Spanish, Korean, Dutch, Russian, Simplified Chinese, Latin American Spanish, Canadian French, Traditional Chinese, American English","March 20, 2020"
87,Pokémon Mystery Dungeon™: Rescue Team DX,$59.99,"Nintendo Switch: 2.2 GB , Nintendo Switch 2: 2.2 GB","TV mode , Tabletop mode , Handheld mode",Chưa có,Role playing,Nintendo Switch,Nintendo,Chưa có,"Japanese, British English, French, German, Italian, Spanish, Latin American Spanish, Canadian French, American English","March 6, 2020"
88,Pokémon™ HOME,$0.00,"Nintendo Switch: 1.4 GB , Nintendo Switch 2: 1.4 GB","TV mode , Tabletop mode , Handheld mode",Chưa có,Application,Nintendo Switch,Nintendo,Chưa có,"Japanese, British English, French, German, Italian, Spanish, Korean, Simplified Chinese, Traditional Chinese, American English","February 11, 2020"
89,Tokyo Mirage Sessions™ #FE Encore,$59.99,"Nintendo Switch: 11.3 GB , Nintendo Switch 2: 11.3 GB","TV mode , Tabletop mode , Handheld mode",Chưa có,Role playing,Nintendo Switch,Nintendo,Chưa có,"Japanese, French, Simplified Chinese, Traditional Chinese, American English","January 17, 2020"
90,Pokémon Sword and Pokémon Shield Double Pack Digital Version,$119.99,"Nintendo Switch: 12.4 GB , Nintendo Switch 2: 12.4 GB","TV mode , Tabletop mode , Handheld mode",Chưa có,"Role playing , Simulation",Nintendo Switch,Nintendo,Chưa có,"Japanese, French, German, Italian, Spanish, Korean, Simplified Chinese, Traditional Chinese, American English","November 15, 2019"
91,Pokémon™ Sword,$59.99,"Nintendo Switch: 12.4 GB , Nintendo Switch 2: 12.4 GB","TV mode , Tabletop mode , Handheld mode",Chưa có,"Role playing , Simulation",Nintendo Switch,Nintendo,Chưa có,"Japanese, French, German, Italian, Spanish, Korean, Simplified Chinese, Traditional Chinese, American English","November 15, 2019"
92,Pokémon™ Shield,$59.99,"Nintendo Switch: 12.4 GB , Nintendo Switch 2: 12.4 GB","TV mode , Tabletop mode , Handheld mode",Chưa có,"Role playing , Simulation",Nintendo Switch,Nintendo,Chưa có,"Japanese, French, German, Italian, Spanish, Korean, Simplified Chinese, Traditional Chinese, American English","November 15, 2019"
93,The Stretchers™,$19.99,"Nintendo Switch: 1.9 GB , Nintendo Switch 2: 1.9 GB","TV mode , Tabletop mode , Handheld mode",Single System (1-2),"Action , Puzzle",Nintendo Switch,Nintendo,Nintendo,"Japanese, French, German, Italian, Spanish, Dutch, Simplified Chinese, Latin American Spanish, Canadian French, Traditional Chinese, American English","November 8, 2019"
94,Luigi’s Mansion™ 3,$59.99,"Nintendo Switch: 7.4 GB , Nintendo Switch 2: 7.4 GB","TV mode , Tabletop mode , Handheld mode","Single System (1-8) , Online (1-8)","Action , Adventure",Nintendo Switch,Nintendo,Chưa có,"Japanese, British English, French, German, Italian, Spanish, Korean, Dutch, Simplified Chinese, Latin American Spanish, Canadian French, Traditional Chinese, American English","October 31, 2019"
95,Ring Fit Adventure,$79.99,Chưa có,Chưa có,Chưa có,Chưa có,Chưa có,Nintendo,Nintendo,American English,"October 18, 2019"
96,The Legend of Zelda™: Link’s Awakening,$59.99,"Nintendo Switch: 5.9 GB , Nintendo Switch 2: 6.1 GB","TV mode , Tabletop mode , Handheld mode",Chưa có,"Action , Adventure",Nintendo Switch,Nintendo,Chưa có,"Japanese, British English, French, German, Italian, Spanish, Korean, Dutch, Russian, Simplified Chinese, Latin American Spanish, Canadian French, Traditional Chinese, American English","September 20, 2019"
97,DAEMON X MACHINA™,$59.99,"Nintendo Switch: 6.9 GB , Nintendo Switch 2: 6.9 GB","TV mode , Tabletop mode , Handheld mode",Chưa có,"Action , Shooting",Nintendo Switch,Nintendo,Chưa có,"French, German, Italian, Spanish, Korean, American English","September 13, 2019"
98,Super Nintendo Entertainment System™ – Nintendo Classics,$0.00,"Nintendo Switch: 288 MB , Nintendo Switch 2: 311 MB","TV mode , Tabletop mode , Handheld mode","Single System (1-2) , Online (2-)",Chưa có,Nintendo Switch,Nintendo,Chưa có,"British English, French, German, Italian, Spanish, Korean, Dutch, Portuguese, Russian, Latin American Spanish, Canadian French, Brazilian Portuguese, American English","September 5, 2019"
99,Super Kirby Clash™,$0.00,"Nintendo Switch: 1.1 GB , Nintendo Switch 2: 1.1 GB","TV mode , Tabletop mode , Handheld mode","Single System (1-4) , Online (1-4)",Action,Nintendo Switch,Nintendo,Chưa có,"Japanese, British English, French, German, Italian, Spanish, Korean, Dutch, Simplified Chinese, Latin American Spanish, Canadian French, Traditional Chinese, American English","September 4, 2019"
100,ASTRAL CHAIN,$59.99,"Nintendo Switch: 9.8 GB , Nintendo Switch 2: 9.8 GB","TV mode , Tabletop mode , Handheld mode",Single System (1-2),"Action , Adventure",Nintendo Switch,Nintendo,Nintendo,"Japanese, British English, French, German, Italian, Spanish, Korean, Russian, Simplified Chinese, Latin American Spanish, Canadian French, Traditional Chinese, American English","August 30, 2019"
101,Fire Emblem™: Three Houses,$59.99,"Nintendo Switch: 11.6 GB , Nintendo Switch 2: 11.6 GB","TV mode , Tabletop mode , Handheld mode",Chưa có,"Role playing , Strategy",Nintendo Switch,Nintendo,Chưa có,"Japanese, British English, French, German, Italian, Spanish, Korean, Simplified Chinese, Latin American Spanish, Canadian French, Traditional Chinese, American English","July 26, 2019"
102,MARVEL ULTIMATE ALLIANCE 3: The Black Order,$59.99,"Nintendo Switch: 17.9 GB , Nintendo Switch 2: 17.9 GB","TV mode , Tabletop mode , Handheld mode","Single System (1-4) , Online (1-4)",Action,Nintendo Switch,Nintendo,Nintendo,"Japanese, French, German, Italian, Spanish, Korean, Simplified Chinese, Traditional Chinese, American English","July 19, 2019"
103,DRAGON QUEST BUILDERS™ 2,$49.99,"Nintendo Switch: 1.8 GB , Nintendo Switch 2: 1.8 GB","TV mode , Tabletop mode , Handheld mode",Chưa có,"Action , Role playing",Nintendo Switch,Nintendo,Nintendo,"British English, French, German, Italian, Spanish","July 12, 2019"
104,Super Mario Maker™ 2,$59.99,"Nintendo Switch: 3.1 GB , Nintendo Switch 2: 3.1 GB","TV mode , Tabletop mode , Handheld mode","Single System (1-4) , Online (2-4)",Action,Nintendo Switch,Nintendo,Chưa có,"Japanese, British English, French, German, Italian, Spanish, Korean, Dutch, Russian, Simplified Chinese, Latin American Spanish, Canadian French, Traditional Chinese, American English","June 28, 2019"
105,Cadence of Hyrule: Crypt of the NecroDancer Featuring The Legend of Zelda,$24.99,"Nintendo Switch: 1.7 GB , Nintendo Switch 2: 1.7 GB","TV mode , Tabletop mode , Handheld mode",Single System (1-2),Action,Nintendo Switch,Nintendo,Chưa có,"Latin American Spanish, Canadian French, American English","June 13, 2019"
106,Nintendo Switch Game Vouchers,$99.98,Chưa có,Chưa có,Chưa có,Chưa có,Nintendo Switch,Nintendo,Chưa có,Chưa có,"May 15, 2019"
107,BOXBOY! + BOXGIRL!™,$9.99,"Nintendo Switch: 585 MB , Nintendo Switch 2: 585 MB","TV mode , Tabletop mode , Handheld mode",Single System (1-2),"Action , Puzzle",Nintendo Switch,Nintendo,Nintendo,"Japanese, French, German, Italian, Spanish, Latin American Spanish, Canadian French, American English","April 26, 2019"
108,Yoshi’s Crafted World™,$59.99,"Nintendo Switch: 5.6 GB , Nintendo Switch 2: 5.6 GB","TV mode , Tabletop mode , Handheld mode",Single System (1-2),Action,Nintendo Switch,Nintendo,Nintendo,"Japanese, French, German, Italian, Spanish, Korean, Dutch, Russian, Simplified Chinese, Latin American Spanish, Canadian French, Traditional Chinese, American English","March 29, 2019"
109,Tetris® 99,$0.00,"Nintendo Switch: 1.9 GB , Nintendo Switch 2: 1.9 GB","TV mode , Tabletop mode , Handheld mode",Chưa có,Puzzle,Nintendo Switch,Nintendo,Chưa có,"Japanese, British English, French, German, Italian, Spanish, Korean, Dutch, Russian, Simplified Chinese, Latin American Spanish, Canadian French, Traditional Chinese, American English","February 13, 2019"
110,New Super Mario Bros.™ U Deluxe,$59.99,"Nintendo Switch: 2.5 GB , Nintendo Switch 2: 2.7 GB","TV mode , Tabletop mode , Handheld mode",Single System (1-4),Action,Nintendo Switch,Nintendo,Chưa có,"Japanese, British English, French, German, Italian, Spanish, Korean, Dutch, Portuguese, Russian, Simplified Chinese, Latin American Spanish, Canadian French, Traditional Chinese, American English","January 11, 2019"
111,Super Smash Bros.™ Ultimate,$59.99,"Nintendo Switch: 17.3 GB , Nintendo Switch 2: 17.3 GB","TV mode , Tabletop mode , Handheld mode","Single System (1-8) , Online (2-4)","Action , Fighting , Party",Nintendo Switch,Nintendo,Chưa có,"Japanese, British English, French, German, Italian, Spanish, Korean, Dutch, Russian, Simplified Chinese, Latin American Spanish, Canadian French, Traditional Chinese, American English","December 7, 2018"
112,"Pokémon™: Let’s Go, Eevee!",$59.99,"Nintendo Switch: 4.2 GB , Nintendo Switch 2: 4.2 GB","TV mode , Tabletop mode , Handheld mode","Single System (1-2) , Online (2-)","Role playing , Simulation",Nintendo Switch,Nintendo,Nintendo,"Japanese, British English, French, German, Italian, Spanish, Korean, Simplified Chinese, Latin American Spanish, Canadian French, Traditional Chinese, American English","November 16, 2018"
113,The World Ends with You®: Final Remix,$49.99,"Nintendo Switch: 2.4 GB , Nintendo Switch 2: 2.4 GB","TV mode , Tabletop mode , Handheld mode",Single System (1-2),"Action , Role playing",Nintendo Switch,Nintendo,Chưa có,"Latin American Spanish, Canadian French, American English","October 12, 2018"
114,Super Mario Party™,$59.99,"Nintendo Switch: 2.9 GB , Nintendo Switch 2: 2.9 GB","TV mode , Tabletop mode","Single System (1-4) , Online (1-4)","Action , Party , Tabletop",Nintendo Switch,Nintendo,Chưa có,"Japanese, British English, French, German, Italian, Spanish, Korean, Dutch, Russian, Simplified Chinese, Latin American Spanish, Canadian French, Traditional Chinese, American English","October 5, 2018"
115,Xenoblade Chronicles 2: Torna ~ The Golden Country,$39.99,"Nintendo Switch: 3.3 GB , Nintendo Switch 2: 3.3 GB","TV mode , Tabletop mode , Handheld mode",Chưa có,"Action , Role playing",Nintendo Switch,Nintendo,Chưa có,"Latin American Spanish, Canadian French, American English","September 21, 2018"
116,Nintendo Entertainment System™ - Nintendo Switch Online,$0.00,"Nintendo Switch: 134 MB , Nintendo Switch 2: 134 MB","TV mode , Tabletop mode , Handheld mode","Single System (1-2) , Online (2-)",Chưa có,Nintendo Switch,Nintendo,Chưa có,"British English, French, German, Italian, Spanish, Korean, Dutch, Portuguese, Russian, Latin American Spanish, Canadian French, Brazilian Portuguese, American English","September 18, 2018"
117,Go Vacation™,$49.99,"Nintendo Switch: 8.8 GB , Nintendo Switch 2: 8.8 GB","TV mode , Tabletop mode , Handheld mode","Single System (1-4) , Online (1-)","Action , Party , Sports",Nintendo Switch,Nintendo,Chưa có,"Latin American Spanish, Canadian French, American English","July 27, 2018"
118,Captain Toad™: Treasure Tracker,$39.99,"Nintendo Switch: 1.6 GB , Nintendo Switch 2: 1.7 GB","TV mode , Tabletop mode , Handheld mode",Single System (1-2),"Action , Adventure , Puzzle",Nintendo Switch,Nintendo,Chưa có,"Japanese, British English, French, German, Spanish, Dutch, Latin American Spanish, Canadian French, American English","July 13, 2018"
119,Mario Tennis™ Aces,$59.99,"Nintendo Switch: 2.4 GB , Nintendo Switch 2: 2.4 GB","TV mode , Tabletop mode , Handheld mode","Single System (1-4) , Online (2-4)","Party , Sports",Nintendo Switch,Nintendo,Chưa có,"Japanese, French, German, Italian, Spanish, Korean, Dutch, Russian, Simplified Chinese, Latin American Spanish, Canadian French, Traditional Chinese, American English","June 22, 2018"
120,Sushi Striker™: The Way of Sushido,$49.99,"Nintendo Switch: 2.8 GB , Nintendo Switch 2: 2.8 GB","TV mode , Tabletop mode , Handheld mode","Single System (1-2) , Online (2-)","Action , Puzzle",Nintendo Switch,Nintendo,Chưa có,"British English, French, German, Italian, Spanish, Latin American Spanish, Canadian French, American English","June 8, 2018"
121,Pokémon™ Quest,$0.00,"Nintendo Switch: 271 MB , Nintendo Switch 2: 271 MB","TV mode , Tabletop mode , Handheld mode",Chưa có,"Action , Role playing , Strategy",Nintendo Switch,Nintendo,Chưa có,"Japanese, French, German, Italian, Spanish, Korean, Simplified Chinese, Latin American Spanish, Canadian French, Traditional Chinese, American English","May 29, 2018"
122,Hyrule Warriors: Definitive Edition,$59.99,"Nintendo Switch: 12.9 GB , Nintendo Switch 2: 12.9 GB","TV mode , Tabletop mode , Handheld mode",Single System (1-2),Action,Nintendo Switch,Nintendo,Nintendo,"Latin American Spanish, Canadian French, American English","May 18, 2018"
123,Donkey Kong Country™: Tropical Freeze,$59.99,"Nintendo Switch: 6.7 GB , Nintendo Switch 2: 6.7 GB","TV mode , Tabletop mode , Handheld mode",Single System (1-2),Action,Nintendo Switch,Nintendo,Nintendo,"Japanese, British English, French, German, Italian, Spanish, Latin American Spanish, Canadian French, American English","May 4, 2018"
124,Kirby™ Star Allies,$59.99,"Nintendo Switch: 4 GB , Nintendo Switch 2: 4 GB","TV mode , Tabletop mode , Handheld mode",Single System (1-4),Action,Nintendo Switch,Nintendo,Nintendo,"Japanese, British English, French, German, Italian, Spanish, Korean, Dutch, Simplified Chinese, Latin American Spanish, Canadian French, Traditional Chinese, American English","March 16, 2018"
125,Dragon Quest Builders™,$49.99,"Nintendo Switch: 815 MB , Nintendo Switch 2: 815 MB","TV mode , Tabletop mode , Handheld mode",Chưa có,"Action , Role playing",Nintendo Switch,Nintendo,Nintendo,"Latin American Spanish, Canadian French, American English","February 9, 2018"
126,Xenoblade Chronicles™ 2,$59.99,"Nintendo Switch: 13.2 GB , Nintendo Switch 2: 13.2 GB","TV mode , Tabletop mode , Handheld mode",Chưa có,"Action , Role playing",Nintendo Switch,Nintendo,Chưa có,"British English, French, German, Italian, Spanish, Korean, Latin American Spanish, Canadian French, American English","December 1, 2017"
127,Super Mario Odyssey™,$59.99,"Nintendo Switch: 5.6 GB , Nintendo Switch 2: 5.7 GB","TV mode , Tabletop mode , Handheld mode",Single System (1-2),"Action , Adventure",Nintendo Switch,Nintendo,Nintendo,"Japanese, British English, French, German, Italian, Spanish, Dutch, Russian, Simplified Chinese, Latin American Spanish, Canadian French, Traditional Chinese, American English","October 27, 2017"
128,Fire Emblem Warriors,$59.99,"Nintendo Switch: 13.4 GB , Nintendo Switch 2: 13.4 GB","TV mode , Tabletop mode , Handheld mode",Single System (1-2),"Action , Strategy",Nintendo Switch,Nintendo,Chưa có,"British English, French, German, Italian, Spanish, Latin American Spanish, Canadian French, American English","October 20, 2017"
129,Pokkén Tournament™ DX,$59.99,"Nintendo Switch: 4 GB , Nintendo Switch 2: 4 GB","TV mode , Tabletop mode , Handheld mode","Single System (1-2) , Online (2-)",Fighting,Nintendo Switch,Nintendo,Chưa có,"Japanese, British English, French, German, Italian, Spanish, Latin American Spanish, Canadian French, American English","September 22, 2017"
130,Flip Wars,$9.99,"Nintendo Switch: 422 MB , Nintendo Switch 2: 422 MB","TV mode , Tabletop mode , Handheld mode","Single System (1-4) , Online (2-4)","Action , Party",Nintendo Switch,Nintendo,Chưa có,"Japanese, French, German, Italian, Spanish, Dutch, Portuguese, Russian, Simplified Chinese, Traditional Chinese, American English","August 10, 2017"
131,Splatoon™ 2,$59.99,"Nintendo Switch: 6.1 GB , Nintendo Switch 2: 6.1 GB","TV mode , Tabletop mode , Handheld mode",Chưa có,"Action , Shooting",Nintendo Switch,Nintendo,Chưa có,"Latin American Spanish, Canadian French, American English","July 21, 2017"
132,ARMS™,$59.99,"Nintendo Switch: 3.2 GB , Nintendo Switch 2: 3.3 GB","TV mode , Tabletop mode , Handheld mode","Single System (1-4) , Online (2-4)",Fighting,Nintendo Switch,Nintendo,Chưa có,"Japanese, French, German, Italian, Spanish, Korean, Dutch, Russian, Latin American Spanish, Canadian French, American English","June 16, 2017"
133,Mario Kart™ 8 Deluxe,$59.99,"Nintendo Switch: 11.3 GB , Nintendo Switch 2: 11.3 GB","TV mode , Tabletop mode , Handheld mode","Single System (1-4) , Online (2-12)","Party , Racing",Nintendo Switch,Nintendo,Chưa có,"Japanese, British English, French, German, Italian, Spanish, Korean, Dutch, Portuguese, Russian, Simplified Chinese, Latin American Spanish, Canadian French, Traditional Chinese, American English","April 28, 2017"
134,1-2-Switch™,$49.99,"Nintendo Switch: 1.4 GB , Nintendo Switch 2: 1.4 GB","TV mode , Tabletop mode",Single System (1-2),"Action , Party",Nintendo Switch,Nintendo,Chưa có,"Japanese, British English, French, German, Italian, Spanish, Dutch, Russian, Latin American Spanish, Canadian French, American English","March 3, 2017"
135,The Legend of Zelda™: Breath of the Wild,$59.99,"Nintendo Switch: 14.4 GB , Nintendo Switch 2: 14.5 GB","TV mode , Tabletop mode , Handheld mode",Chưa có,"Action , Adventure",Nintendo Switch,Nintendo,Chưa có,"Japanese, British English, French, German, Italian, Spanish, Korean, Dutch, Russian, Simplified Chinese, Latin American Spanish, Canadian French, Brazilian Portuguese, Traditional Chinese, American English","March 3, 2017"
136,Pokémon™ Champions,,Chưa có,Chưa có,Chưa có,Chưa có,Nintendo Switch,Nintendo,Chưa có,"Japanese, French, German, Italian, Spanish, Korean, Simplified Chinese, Latin American Spanish, Traditional Chinese, American English",Chưa có
137,Mina the Hollower,,Chưa có,"TV mode , Tabletop mode , Handheld mode",Chưa có,Chưa có,Nintendo Switch 2,Yacht Club Games,Yacht Club Games,"Japanese, French, German, Italian, Korean, Russian, Simplified Chinese, Latin American Spanish, Brazilian Portuguese, Traditional Chinese, American English",2030
138,Indiana Jones and the Great Circle™,,Chưa có,Chưa có,Chưa có,Chưa có,Nintendo Switch 2,Bethesda,Chưa có,"Japanese, French, German, Italian, Spanish, Korean, Russian, Simplified Chinese, Latin American Spanish, Brazilian Portuguese, Traditional Chinese, American English",2026
139,Monster Hunter Stories 3: Twisted Reflection,$69.99,29.3 GB,"TV mode , Tabletop mode , Handheld mode",Chưa có,Chưa có,Nintendo Switch 2,CAPCOM,Chưa có,"Japanese, French, German, Italian, Spanish, Korean, Russian, Simplified Chinese, Latin American Spanish, Brazilian Portuguese, Traditional Chinese, American English","March 13, 2026"
140,Sushi Cat - Tower Defense,$9.99,"Nintendo Switch: 196 MB , Nintendo Switch 2: 196 MB","TV mode , Tabletop mode , Handheld mode",Chưa có,Chưa có,Nintendo Switch,Armor Games Studios,Armor Games Studios,"Japanese, French, German, Italian, Spanish, Korean, Russian, Simplified Chinese, American English","March 5, 2026"
141,Age verification,$59.99,Chưa có,Chưa có,Chưa có,Chưa có,Chưa có,Chưa có,Chưa có,Chưa có,Chưa có
142,Age verification,$59.99,Chưa có,Chưa có,Chưa có,Chưa có,Chưa có,Chưa có,Chưa có,Chưa có,Chưa có
143,Chưa có,$59.99,Chưa có,Chưa có,Chưa có,Chưa có,Chưa có,Chưa có,Chưa có,Chưa có,Chưa có
144,DRAGON QUEST VII Reimagined,$59.99,6.8 GB,"TV mode , Tabletop mode , Handheld mode",Chưa có,Chưa có,Nintendo Switch 2,SQUARE ENIX,Chưa có,"Japanese, French, German, Italian, Spanish, Latin American Spanish, American English","February 5, 2026"
145,DRAGON QUEST VII Reimagined,$59.99,"Nintendo Switch: 4.3 GB , Nintendo Switch 2: 4.3 GB","TV mode , Tabletop mode , Handheld mode",Chưa có,Chưa có,Nintendo Switch,SQUARE ENIX,Chưa có,"Japanese, French, German, Italian, Spanish, Latin American Spanish, American English","February 5, 2026"
146,【Limited early purchase edition】FINAL FANTASY VII REMAKE INTERGRADE,$39.99,Chưa có,Chưa có,Chưa có,Role playing,Nintendo Switch 2,SQUARE ENIX,Chưa có,Chưa có,"January 22, 2026"
147,"Whoops, something went wrong.",Chưa có,Chưa có,Chưa có,Chưa có,Chưa có,Chưa có,Chưa có,Chưa có,Chưa có,Chưa có
148,BattleTanks - Animal Wars,$4.99,"Nintendo Switch: 254 MB , Nintendo Switch 2: 254 MB","TV mode , Tabletop mode , Handheld mode",Single System (1-4),Chưa có,Nintendo Switch,Kasur Games,Kasur Games,"Japanese, British English, French, German, Italian, Spanish, Korean, Russian, Latin American Spanish, American English","January 14, 2026"
149,Go Kart Island,$9.99,"Nintendo Switch: 683 MB , Nintendo Switch 2: 683 MB","TV mode , Tabletop mode , Handheld mode",Chưa có,Chưa có,Nintendo Switch,Ant Workshop,Ant Workshop,British English,"January 9, 2026"
150,Oppidum,$29.99,"Nintendo Switch: 2.2 GB , Nintendo Switch 2: 2.2 GB","TV mode , Tabletop mode , Handheld mode",Chưa có,Chưa có,Nintendo Switch,EP Games,EP Games,"Japanese, French, German, Spanish, Korean, Brazilian Portuguese, American English","December 18, 2025"
151,Mamon King,$12.99,"Nintendo Switch: 1008 MB , Nintendo Switch 2: 1008 MB","TV mode , Tabletop mode , Handheld mode",Chưa có,Chưa có,Nintendo Switch,LiTMUS,LiTMUS,"Japanese, American English","December 11, 2025"
152,Dunjungle,$19.99,"Nintendo Switch: 940 MB , Nintendo Switch 2: 940 MB","TV mode , Tabletop mode , Handheld mode",Chưa có,Chưa có,Nintendo Switch,Astrolabe Games,Chưa có,"Japanese, Spanish, Simplified Chinese, Brazilian Portuguese, Traditional Chinese, American English","December 11, 2025"
153,Save The Doge 2,$4.99,"Nintendo Switch: 211 MB , Nintendo Switch 2: 211 MB","TV mode , Tabletop mode , Handheld mode",Chưa có,Chưa có,Nintendo Switch,NOSTRA GAMES,Chưa có,American English,"December 11, 2025"
154,Little Rocket Lab,$19.99,"Nintendo Switch: 1.8 GB , Nintendo Switch 2: 1.8 GB","TV mode , Tabletop mode , Handheld mode",Chưa có,Chưa có,Nintendo Switch,No More Robots,Chưa có,"French, German, Italian, Spanish, Simplified Chinese, American English","December 10, 2025"
155,Cozy Tiny Home,$14.99,"Nintendo Switch: 638 MB , Nintendo Switch 2: 638 MB","TV mode , Tabletop mode , Handheld mode",Chưa có,Chưa có,Nintendo Switch,REDDEER.GAMES,Chưa có,"Japanese, American English","December 9, 2025"
156,Farming Simulator: Signature Edition,$59.99,21.8 GB,"TV mode , Tabletop mode , Handheld mode",Chưa có,Chưa có,Nintendo Switch 2,GIANTS Software,Chưa có,"Japanese, British English, French, German, Italian, Spanish, Korean, Dutch, Portuguese, Russian, Simplified Chinese, Latin American Spanish, Canadian French, Brazilian Portuguese, Traditional Chinese, American English","December 9, 2025"
157,A Game About Digging A Hole™,$4.99,"Nintendo Switch: 210 MB , Nintendo Switch 2: 210 MB","TV mode , Tabletop mode , Handheld mode",Chưa có,Chưa có,Nintendo Switch,Rokaplay,Chưa có,"Japanese, French, German, Italian, Spanish, Korean, Russian, Simplified Chinese, Brazilian Portuguese, American English","December 9, 2025"
158,Cats Ritual,$4.06,"Nintendo Switch: 2.6 GB , Nintendo Switch 2: 2.6 GB","TV mode , Tabletop mode , Handheld mode",Chưa có,Chưa có,Nintendo Switch,SOURCE BYTE,Chưa có,American English,"December 4, 2025"
159,Old School Rally,$19.99,"Nintendo Switch: 1.2 GB , Nintendo Switch 2: 1.2 GB","TV mode , Tabletop mode , Handheld mode",Chưa có,Chưa có,Nintendo Switch,Astrolabe Games,Astrolabe Games,"Japanese, British English, German, Italian, Spanish, Russian, Simplified Chinese, Latin American Spanish, Traditional Chinese, American English","December 4, 2025"
160,OCTOPATH TRAVELER 0,$49.99,4.2 GB,"TV mode , Tabletop mode , Handheld mode",Chưa có,Chưa có,Nintendo Switch 2,SQUARE ENIX,Chưa có,"Japanese, American English","December 4, 2025"
161,OCTOPATH TRAVELER 0,$49.99,"Nintendo Switch: 3 GB , Nintendo Switch 2: 3 GB","TV mode , Tabletop mode , Handheld mode",Chưa có,Chưa có,Nintendo Switch,SQUARE ENIX,Chưa có,"Japanese, American English","December 4, 2025"
162,Viewfinder,$24.99,"Nintendo Switch: 3.5 GB , Nintendo Switch 2: 3.5 GB","TV mode , Tabletop mode , Handheld mode",Chưa có,Chưa có,Nintendo Switch,Thunderful,Chưa có,"Japanese, French, German, Italian, Spanish, Korean, Russian, Simplified Chinese, Latin American Spanish, Brazilian Portuguese, Traditional Chinese, American English","December 3, 2025"
163,Simogo Legacy Collection,$14.99,"Nintendo Switch: 1.7 GB , Nintendo Switch 2: 1.7 GB","TV mode , Tabletop mode , Handheld mode",Chưa có,Chưa có,Nintendo Switch,Simogo,Simogo,American English,"December 2, 2025"
164,MARVEL Cosmic Invasion,$29.99,624 MB,"TV mode , Tabletop mode , Handheld mode","Single System (1-4) , Online (1-4)",Chưa có,Nintendo Switch 2,Dotemu,Dotemu,"Japanese, French, German, Italian, Spanish, Korean, Russian, Simplified Chinese, Brazilian Portuguese, Traditional Chinese, American English","December 1, 2025"
165,Los Pingheros,$9.99,"Nintendo Switch: 496 MB , Nintendo Switch 2: 496 MB","TV mode , Tabletop mode , Handheld mode","Single System (1-8) , Online (1-8)",Chưa có,Nintendo Switch,Hectiq,Hectiq,"Japanese, French, German, Italian, Spanish, Korean, Portuguese, Russian, Simplified Chinese, Latin American Spanish, Brazilian Portuguese, American English","December 1, 2025"
166,MARVEL Cosmic Invasion,$29.99,"Nintendo Switch: 623 MB , Nintendo Switch 2: 623 MB","TV mode , Tabletop mode , Handheld mode","Single System (1-4) , Online (1-4)",Chưa có,Nintendo Switch,Dotemu,Dotemu,"Japanese, French, German, Italian, Spanish, Korean, Russian, Simplified Chinese, Latin American Spanish, Brazilian Portuguese, Traditional Chinese, American English","December 1, 2025"
167,Gigabonk: Mega Survivors,$9.99,"Nintendo Switch: 125 MB , Nintendo Switch 2: 125 MB","Tabletop mode , Handheld mode",Chưa có,Chưa có,Nintendo Switch,UMURO,UMURO,American English,"November 27, 2025"
168,Korean Drone Flying Tour Geumsan-gun,$1.99,"Nintendo Switch: 1.2 GB , Nintendo Switch 2: 1.2 GB","TV mode , Tabletop mode , Handheld mode",Chưa có,Chưa có,Nintendo Switch,14Dimension,14Dimension,"Japanese, French, German, Italian, Spanish, Korean, Dutch, Portuguese, Russian, Simplified Chinese, Traditional Chinese, American English","November 27, 2025"
169,Garten of Banban 8: Anti Devil,$9.99,"Nintendo Switch: 1.2 GB , Nintendo Switch 2: 1.2 GB","TV mode , Tabletop mode , Handheld mode",Chưa có,Chưa có,Nintendo Switch,Feardemic,Feardemic,"Japanese, British English, French, German, Italian, Spanish, Korean, Dutch, Portuguese, Russian, Simplified Chinese, Latin American Spanish, Brazilian Portuguese","November 27, 2025"
170,Trouble Witches FINAL! Episode 01 Daughters of Amalgam,$29.99,"Nintendo Switch: 3.1 GB , Nintendo Switch 2: 3.1 GB","TV mode , Tabletop mode , Handheld mode",Chưa có,Chưa có,Nintendo Switch,ININ Games,ININ Games,"Japanese, American English","November 27, 2025"
171,BUBBLE BOBBLE Sugar Dungeons Deluxe Edition,$49.99,Chưa có,Chưa có,Chưa có,Chưa có,Nintendo Switch,ARC SYSTEM WORKS,Chưa có,Chưa có,"November 26, 2025"
172,BUBBLE BOBBLE Sugar Dungeons,$39.99,Chưa có,Chưa có,Chưa có,Chưa có,Nintendo Switch,ARC SYSTEM WORKS,Chưa có,Chưa có,"November 26, 2025"
173,BUBBLE BOBBLE Sugar Dungeons Deluxe Contents,,"Nintendo Switch: 282 MB , Nintendo Switch 2: 282 MB","TV mode , Tabletop mode , Handheld mode",Chưa có,Chưa có,Nintendo Switch,ARC SYSTEM WORKS,Chưa có,"Japanese, French, German, Italian, Spanish, Korean, Simplified Chinese, Traditional Chinese, American English","November 26, 2025"
174,BUBBLE SYMPHONY,,"Nintendo Switch: 543 MB , Nintendo Switch 2: 543 MB","TV mode , Tabletop mode , Handheld mode",Single System (1-2),Chưa có,Nintendo Switch,ARC SYSTEM WORKS,Chưa có,"Japanese, Korean, Simplified Chinese, Traditional Chinese, American English","November 26, 2025"
175,Age verification,$59.99,Chưa có,Chưa có,Chưa có,Chưa có,Chưa có,Chưa có,Chưa có,Chưa có,Chưa có
176,Schildmaid MX,$19.99,"Nintendo Switch: 792 MB , Nintendo Switch 2: 792 MB","TV mode , Tabletop mode , Handheld mode",Chưa có,Chưa có,Nintendo Switch,eastasiasoft,eastasiasoft,"Japanese, French, German, Italian, Spanish, Korean, Dutch, Brazilian Portuguese, Traditional Chinese, American English","November 26, 2025"
177,Gensou -Yumegokochi- Illusion -Dreamlike-,$14.99,"Nintendo Switch: 1.6 GB , Nintendo Switch 2: 1.6 GB","TV mode , Tabletop mode , Handheld mode",Chưa có,Chưa có,Nintendo Switch,Purmoe Design Lab,Chưa có,"Japanese, Korean, Simplified Chinese, Traditional Chinese, American English","November 22, 2025"
178,The Great Rebellion: Edition 2084,$15.99,"Nintendo Switch: 1.7 GB , Nintendo Switch 2: 1.7 GB","TV mode , Tabletop mode , Handheld mode",Chưa có,Chưa có,Nintendo Switch,AIP,Chưa có,"British English, American English","November 21, 2025"
179,Age verification,$59.99,Chưa có,Chưa có,Chưa có,Chưa có,Chưa có,Chưa có,Chưa có,Chưa có,Chưa có
180,Summer Unpacked,$12.99,"Nintendo Switch: 1 GB , Nintendo Switch 2: 1 GB","TV mode , Tabletop mode , Handheld mode",Chưa có,Chưa có,Nintendo Switch,REDDEER.GAMES,Chưa có,"Japanese, French, German, Italian, Spanish, Korean, Traditional Chinese, American English","November 20, 2025"
181,Age verification,$59.99,Chưa có,Chưa có,Chưa có,Chưa có,Chưa có,Chưa có,Chưa có,Chưa có,Chưa có
182,Kiosk,$3.99,"Nintendo Switch: 237 MB , Nintendo Switch 2: 237 MB","TV mode , Tabletop mode , Handheld mode",Chưa có,Chưa có,Nintendo Switch,Feardemic,Feardemic,"Japanese, British English, French, German, Italian, Spanish, Korean, Russian, Simplified Chinese, Brazilian Portuguese","November 20, 2025"
183,Fantasy Aquarium,$9.90,"Nintendo Switch: 307 MB , Nintendo Switch 2: 307 MB","TV mode , Tabletop mode , Handheld mode",Chưa có,Chưa có,Nintendo Switch,Happy Player,Chưa có,"Japanese, British English, Simplified Chinese, Traditional Chinese, American English","November 20, 2025"
184,As I Began to Dream,$19.99,"Nintendo Switch: 963 MB , Nintendo Switch 2: 963 MB","TV mode , Tabletop mode , Handheld mode",Chưa có,Chưa có,Nintendo Switch,SOFT SOURCE,Chưa có,"Japanese, German, Spanish, Portuguese, Simplified Chinese, Traditional Chinese, American English","November 20, 2025"
185,The Last Shot Arcades,$9.99,"Nintendo Switch: 1.1 GB , Nintendo Switch 2: 1.1 GB","TV mode , Tabletop mode , Handheld mode",Chưa có,Chưa có,Nintendo Switch,Sometimes You,Sometimes You,"Russian, American English","November 19, 2025"
186,StarLightRiders: HyperJump,$4.99,"Nintendo Switch: 207 MB , Nintendo Switch 2: 207 MB","TV mode , Tabletop mode , Handheld mode",Single System (1-2),Chưa có,Nintendo Switch,eastasiasoft,eastasiasoft,American English,"November 19, 2025"
187,Demonschool,$24.99,"Nintendo Switch: 2.1 GB , Nintendo Switch 2: 2.1 GB","TV mode , Tabletop mode , Handheld mode",Chưa có,Chưa có,Nintendo Switch,Ysbryd Games,Ysbryd Games,"Japanese, French, Simplified Chinese, Latin American Spanish, American English","November 19, 2025"
188,Desert Race Adventures,$5.99,"Nintendo Switch: 204 MB , Nintendo Switch 2: 204 MB","TV mode , Tabletop mode , Handheld mode",Chưa có,Chưa có,Nintendo Switch,Black Smoke Studios,Black Smoke Studios,American English,"November 18, 2025"
189,SpongeBob SquarePants: Titans of the Tide,$39.99,8 GB,"TV mode , Tabletop mode , Handheld mode",Chưa có,Chưa có,Nintendo Switch 2,THQ Nordic,THQ Nordic,"Japanese, French, German, Italian, Spanish, Korean, Russian, Simplified Chinese, Latin American Spanish, Brazilian Portuguese, Traditional Chinese, American English","November 18, 2025"
190,Morsels,$14.99,"Nintendo Switch: 847 MB , Nintendo Switch 2: 847 MB","TV mode , Tabletop mode , Handheld mode",Chưa có,Chưa có,Nintendo Switch,Annapurna Interactive,Annapurna Interactive,"Japanese, French, German, Italian, Spanish, Korean, Simplified Chinese, Latin American Spanish, Brazilian Portuguese, Traditional Chinese, American English","November 18, 2025"
191,Forestrike,$9.99,"Nintendo Switch: 1.2 GB , Nintendo Switch 2: 1.2 GB","TV mode , Tabletop mode , Handheld mode",Chưa có,Chưa có,Nintendo Switch,Devolver Digital,Devolver Digital,"Japanese, French, German, Spanish, Korean, Russian, Simplified Chinese, Brazilian Portuguese, Traditional Chinese, American English","November 17, 2025"
192,DRAGON BALL: Sparking! ZERO,$59.99,11.3 GB,"TV mode , Tabletop mode , Handheld mode","Single System (1-6) , Online (1-8)",Chưa có,Nintendo Switch 2,BANDAI NAMCO Entertainment,Chưa có,"Japanese, British English, French, German, Italian, Spanish, Korean, Russian, Simplified Chinese, Latin American Spanish, Canadian French, Brazilian Portuguese, Traditional Chinese, American English","November 14, 2025"
193,DRAGON BALL: Sparking! ZERO,$59.99,"Nintendo Switch: 6.7 GB , Nintendo Switch 2: 6.7 GB","TV mode , Tabletop mode , Handheld mode","Single System (1-6) , Online (1-8)",Chưa có,Nintendo Switch,BANDAI NAMCO Entertainment,Chưa có,"Japanese, British English, French, German, Italian, Spanish, Korean, Russian, Simplified Chinese, Latin American Spanish, Canadian French, Brazilian Portuguese, Traditional Chinese, American English","November 14, 2025"
194,CLAWPUNK,$9.99,"Nintendo Switch: 973 MB , Nintendo Switch 2: 973 MB","TV mode , Tabletop mode , Handheld mode",Chưa có,Chưa có,Nintendo Switch,Megabit Publishing,Megabit Publishing,"Japanese, French, German, Spanish, Dutch, Simplified Chinese, Brazilian Portuguese, Traditional Chinese, American English","November 14, 2025"
195,Atelier Ryza Secret Trilogy Deluxe Pack,$89.99,Chưa có,Chưa có,Chưa có,"Action , Adventure , Role playing",Nintendo Switch 2,KOEI TECMO AMERICA,Chưa có,Chưa có,"November 13, 2025"
196,Atelier Ryza Secret Trilogy Deluxe Pack,$89.99,Chưa có,Chưa có,Chưa có,Role playing,Nintendo Switch,KOEI TECMO AMERICA,Chưa có,Chưa có,"November 13, 2025"
197,INAZUMA ELEVEN: Victory Road Nintendo Switch™ 2 Edition Upgrade Pack,$2.59,1 MB,Chưa có,Chưa có,Chưa có,Nintendo Switch 2,LEVEL5,Chưa có,Chưa có,"November 13, 2025"
198,Lia: Hacking Destiny,$12.90,"Nintendo Switch: 579 MB , Nintendo Switch 2: 579 MB",Handheld mode,Chưa có,Action,Nintendo Switch,Orube Game Studio,Orube Game Studio,"Brazilian Portuguese, American English","November 13, 2025"
199,Dunk Trickster,$5.99,"Nintendo Switch: 254 MB , Nintendo Switch 2: 254 MB","TV mode , Tabletop mode , Handheld mode",Chưa có,Action,Nintendo Switch,NOSTRA GAMES,Chưa có,American English,"November 13, 2025"
200,Hidden Cats in Rio de Janeiro,$3.99,"Nintendo Switch: 1018 MB , Nintendo Switch 2: 1018 MB","TV mode , Tabletop mode , Handheld mode",Chưa có,Puzzle,Nintendo Switch,Silesia Games,Silesia Games,"Japanese, French, German, Brazilian Portuguese, American English","November 13, 2025"
201,Korean Drone Flying Tour Woryeongsan,$1.99,"Nintendo Switch: 1.2 GB , Nintendo Switch 2: 1.2 GB","TV mode , Tabletop mode , Handheld mode",Chưa có,Simulation,Nintendo Switch,14Dimension,14Dimension,"Japanese, French, German, Italian, Spanish, Korean, Dutch, Portuguese, Russian, Simplified Chinese, Traditional Chinese, American English","November 13, 2025"
202,Mistonia's Hope -The Lost Delight-,$49.99,"Nintendo Switch: 5.6 GB , Nintendo Switch 2: 5.6 GB","TV mode , Tabletop mode , Handheld mode",Chưa có,Narrative adventure,Nintendo Switch,Aksys Games,Aksys Games,American English,"November 13, 2025"
203,INAZUMA ELEVEN: Victory Road Nintendo Switch™ 2 Edition,$72.58,"Nintendo Switch: 235 MB , Nintendo Switch 2: 235 MB","TV mode , Tabletop mode , Handheld mode",Chưa có,Chưa có,Nintendo Switch 2,LEVEL5,Chưa có,"Japanese, French, German, Italian, Spanish, Simplified Chinese, Brazilian Portuguese, Traditional Chinese, American English","November 13, 2025"
204,Age verification,$59.99,Chưa có,Chưa có,Chưa có,Chưa có,Chưa có,Chưa có,Chưa có,Chưa có,Chưa có
205,Atelier Ryza 3: Alchemist of the End & the Secret Key DX,$39.99,21.5 GB,"TV mode , Tabletop mode , Handheld mode",Chưa có,"Action , Adventure , Role playing",Nintendo Switch 2,KOEI TECMO AMERICA,Chưa có,"Japanese, American English","November 13, 2025"
206,Atelier Ryza 2: Lost Legends & the Secret Fairy DX,$39.99,18.3 GB,"TV mode , Tabletop mode , Handheld mode",Chưa có,"Adventure , Role playing",Nintendo Switch 2,KOEI TECMO AMERICA,Chưa có,"Japanese, French, American English","November 13, 2025"
207,Atelier Ryza: Ever Darkness & the Secret Hideout DX,$39.99,15.5 GB,"TV mode , Tabletop mode , Handheld mode",Chưa có,Chưa có,Nintendo Switch 2,KOEI TECMO AMERICA,Chưa có,"Japanese, American English","November 13, 2025"
208,CYCLIA JOURNEY,$7.99,"Nintendo Switch: 276 MB , Nintendo Switch 2: 276 MB","TV mode , Tabletop mode , Handheld mode",Chưa có,Puzzle,Nintendo Switch,Wonderfy,Chưa có,"Japanese, Korean, Simplified Chinese, Traditional Chinese, American English","November 13, 2025"
209,Atelier Ryza 3: Alchemist of the End & the Secret Key DX,$39.99,"Nintendo Switch: 11.9 GB , Nintendo Switch 2: 11.9 GB","TV mode , Tabletop mode , Handheld mode",Chưa có,Role playing,Nintendo Switch,KOEI TECMO AMERICA,Chưa có,"Japanese, American English","November 13, 2025"
210,Atelier Ryza 2: Lost Legends & the Secret Fairy DX,$39.99,"Nintendo Switch: 9.3 GB , Nintendo Switch 2: 9.3 GB","TV mode , Tabletop mode , Handheld mode",Chưa có,Role playing,Nintendo Switch,KOEI TECMO AMERICA,Chưa có,"Japanese, French, American English","November 13, 2025"
211,Atelier Ryza: Ever Darkness & the Secret Hideout DX,$39.99,"Nintendo Switch: 8.1 GB , Nintendo Switch 2: 8.1 GB","TV mode , Tabletop mode , Handheld mode",Chưa có,Chưa có,Nintendo Switch,KOEI TECMO AMERICA,Chưa có,"Japanese, American English","November 13, 2025"
212,Bibi Blocksberg – Big Broom Race 4,$22.99,"Nintendo Switch: 1.3 GB , Nintendo Switch 2: 1.3 GB","TV mode , Tabletop mode , Handheld mode",Single System (1-4),Racing,Nintendo Switch,TREVA,TREVA,"British English, French, German, Italian, Spanish","November 13, 2025"
213,GIGASWORD,$14.99,"Nintendo Switch: 223 MB , Nintendo Switch 2: 223 MB","TV mode , Tabletop mode , Handheld mode",Chưa có,"Action , Adventure",Nintendo Switch,Akupara Games,Akupara Games,American English,"November 13, 2025"
214,INAZUMA ELEVEN: Victory Road,$69.99,"Nintendo Switch: 235 MB , Nintendo Switch 2: 235 MB","TV mode , Tabletop mode , Handheld mode",Chưa có,"Adventure , Simulation , Sports",Nintendo Switch,LEVEL5,Chưa có,"Japanese, French, German, Italian, Spanish, Simplified Chinese, Brazilian Portuguese, Traditional Chinese, American English","November 13, 2025"
215,The Hollow Lighthouse,$7.99,"Nintendo Switch: 917 MB , Nintendo Switch 2: 917 MB","TV mode , Tabletop mode , Handheld mode",Chưa có,Adventure,Nintendo Switch,Fun Games Studio,Chưa có,American English,"November 12, 2025"
216,Sokomine,$4.99,"Nintendo Switch: 117 MB , Nintendo Switch 2: 117 MB","TV mode , Tabletop mode , Handheld mode",Chưa có,Puzzle,Nintendo Switch,Afil Games,Chưa có,"Portuguese, American English","November 12, 2025"
217,Bomb Kitten,$4.99,"Nintendo Switch: 98 MB , Nintendo Switch 2: 98 MB","TV mode , Tabletop mode , Handheld mode",Chưa có,Action,Nintendo Switch,eastasiasoft,eastasiasoft,"Russian, American English","November 12, 2025"
218,Wildkeepers Rising,$9.99,"Nintendo Switch: 1 GB , Nintendo Switch 2: 1 GB","TV mode , Tabletop mode , Handheld mode",Chưa có,"Action , Role playing , Strategy",Nintendo Switch,Lioncode Games,Lioncode Games,"Japanese, French, German, Spanish, Korean, Simplified Chinese, Brazilian Portuguese, American English","November 12, 2025"
219,Winter Burrow,$19.99,"Nintendo Switch: 1.5 GB , Nintendo Switch 2: 1.5 GB","TV mode , Tabletop mode , Handheld mode",Chưa có,Action,Nintendo Switch,Noodlecake,Chưa có,"Japanese, French, German, Italian, Spanish, Korean, Russian, Simplified Chinese, Brazilian Portuguese, Traditional Chinese, American English","November 12, 2025"
220,WINDSWEPT,$19.99,"Nintendo Switch: 309 MB , Nintendo Switch 2: 309 MB","TV mode , Tabletop mode , Handheld mode",Single System (1-2),Action,Nintendo Switch,Top Hat Studios,Chưa có,"Japanese, British English, French, German, Italian, Spanish, Korean, Portuguese, Russian, Simplified Chinese, Latin American Spanish, Brazilian Portuguese, Traditional Chinese, American English","November 11, 2025"
221,All Hands on Deck,$12.99,"Nintendo Switch: 1.6 GB , Nintendo Switch 2: 1.6 GB","TV mode , Tabletop mode , Handheld mode",Chưa có,"Action , Adventure",Nintendo Switch,Studio Mantasaur,Studio Mantasaur,"Japanese, British English, French, German, Spanish, Korean, Dutch, Russian, Simplified Chinese, Brazilian Portuguese, Traditional Chinese","November 11, 2025"
222,Goodnight Universe,$19.99,4.7 GB,"TV mode , Tabletop mode , Handheld mode",Chưa có,Narrative adventure,Nintendo Switch 2,Skybound Games,Skybound Games,"Japanese, French, German, Spanish, Simplified Chinese, Brazilian Portuguese, Traditional Chinese, American English","November 11, 2025"
223,Baseball Card Shop Simulator,$7.99,"Nintendo Switch: 1 GB , Nintendo Switch 2: 1 GB","TV mode , Tabletop mode , Handheld mode",Chưa có,Simulation,Nintendo Switch,Play Games,Chưa có,British English,"November 9, 2025"
224,Nitro Karts Racing,$5.99,"Nintendo Switch: 605 MB , Nintendo Switch 2: 605 MB","TV mode , Tabletop mode , Handheld mode",Chưa có,Racing,Nintendo Switch,Pix Arts,Pix Arts,American English,"November 8, 2025"
225,Everdawn Isle,$4.99,"Nintendo Switch: 299 MB , Nintendo Switch 2: 299 MB","TV mode , Tabletop mode , Handheld mode",Chưa có,Simulation,Nintendo Switch,Downmeadowstreet,Chưa có,American English,"November 7, 2025"
226,Mega City Obby,$4.99,"Nintendo Switch: 259 MB , Nintendo Switch 2: 259 MB","TV mode , Tabletop mode , Handheld mode",Chưa có,Action,Nintendo Switch,Downmeadowstreet,Chưa có,American English,"November 7, 2025"
227,Golden Sunshine Beside You,$24.99,"Nintendo Switch: 1.2 GB , Nintendo Switch 2: 1.2 GB","TV mode , Tabletop mode , Handheld mode",Chưa có,Narrative adventure,Nintendo Switch,moesoft,Chưa có,"Japanese, British English, French, German, Italian, Spanish, Korean, Russian, Simplified Chinese, Latin American Spanish, Canadian French, Traditional Chinese, American English","November 7, 2025"
228,Mage Arena: Voice of Power,$7.99,"Nintendo Switch: 1.1 GB , Nintendo Switch 2: 1.1 GB","TV mode , Tabletop mode , Handheld mode",Chưa có,Action,Nintendo Switch,Fun Games Studio,Chưa có,American English,"November 7, 2025"
229,Motordoom,$16.99,"Nintendo Switch: 724 MB , Nintendo Switch 2: 724 MB","TV mode , Tabletop mode , Handheld mode",Chưa có,"Action , Sports",Nintendo Switch,Christoph Mueller,Chưa có,"Japanese, French, German, Italian, Spanish, Russian, American English","November 7, 2025"
230,Gas Station: Idle Simulator,$4.99,"Nintendo Switch: 270 MB , Nintendo Switch 2: 270 MB","TV mode , Tabletop mode , Handheld mode",Chưa có,Simulation,Nintendo Switch,Fun Games Studio,Chưa có,American English,"November 7, 2025"
231,The Visitor Effect,$9.99,"Nintendo Switch: 198 MB , Nintendo Switch 2: 198 MB","TV mode , Tabletop mode , Handheld mode",Chưa có,Puzzle,Nintendo Switch,Pdpartid@games,Chưa có,"Japanese, German, Spanish, Portuguese, Russian, Simplified Chinese, Traditional Chinese, American English","November 7, 2025"
232,Square Brothers,$4.99,"Nintendo Switch: 41 MB , Nintendo Switch 2: 41 MB","TV mode , Tabletop mode , Handheld mode",Chưa có,Adventure,Nintendo Switch,Ratalaika Games,Chưa có,American English,"November 7, 2025"
233,House Fighters: Total Mess,$7.99,"Nintendo Switch: 2 GB , Nintendo Switch 2: 2 GB","TV mode , Tabletop mode , Handheld mode",Chưa có,"Action , Shooting",Nintendo Switch,Revulo Games,Chưa có,"Japanese, French, German, Spanish, Russian, Simplified Chinese, Brazilian Portuguese, American English","November 7, 2025"
234,Train Your Focus and Observation Skills: THE Spot-the-Difference Challenge,$8.99,"Nintendo Switch: 218 MB , Nintendo Switch 2: 218 MB","TV mode , Tabletop mode , Handheld mode",Chưa có,Puzzle,Nintendo Switch,TT,Chưa có,"Japanese, Korean, Traditional Chinese, American English","November 6, 2025"
235,Open Sesame - Alibaba Dash,$2.99,"Nintendo Switch: 365 MB , Nintendo Switch 2: 365 MB","TV mode , Tabletop mode , Handheld mode",Chưa có,Action,Nintendo Switch,Max Interactive Studio,Max Interactive Studio,"Japanese, British English, French, German, Italian, Spanish, Korean, Dutch, Portuguese, Russian, Simplified Chinese, Latin American Spanish, Canadian French, Brazilian Portuguese, Traditional Chinese, American English","November 6, 2025"
236,Picronix,$6.99,"Nintendo Switch: 246 MB , Nintendo Switch 2: 246 MB","TV mode , Tabletop mode , Handheld mode",Chưa có,Puzzle,Nintendo Switch,Andrei Ivashentsev,Andrei Ivashentsev,"Japanese, French, German, Korean, Portuguese, Russian, Simplified Chinese, Latin American Spanish, Canadian French, Traditional Chinese, American English","November 6, 2025"
237,Brain Workout! Spinning Animal Puzzle,$8.99,"Nintendo Switch: 178 MB , Nintendo Switch 2: 178 MB","TV mode , Tabletop mode , Handheld mode",Chưa có,Puzzle,Nintendo Switch,TT,Chưa có,"Japanese, Korean, Traditional Chinese, American English","November 6, 2025"
238,Chronoquartz,$9.99,"Nintendo Switch: 457 MB , Nintendo Switch 2: 457 MB","TV mode , Tabletop mode , Handheld mode",Chưa có,Adventure,Nintendo Switch,Infinite Stairs,Chưa có,"French, Canadian French, American English","November 6, 2025"
239,Cloud to Gold,$4.99,"Nintendo Switch: 63 MB , Nintendo Switch 2: 63 MB","TV mode , Tabletop mode , Handheld mode",Chưa có,Puzzle,Nintendo Switch,Afil Games,Chưa có,"Portuguese, American English","November 6, 2025"
240,Final Frontier Story,$14.00,"Nintendo Switch: 84 MB , Nintendo Switch 2: 84 MB","TV mode , Tabletop mode , Handheld mode",Chưa có,Simulation,Nintendo Switch,Kairosoft,Chưa có,"Japanese, Korean, Simplified Chinese, Traditional Chinese, American English","November 6, 2025"
241,Tiny Lands 2,$9.99,"Nintendo Switch: 1.9 GB , Nintendo Switch 2: 1.9 GB","TV mode , Tabletop mode , Handheld mode",Single System (1-2),Puzzle,Nintendo Switch,Hidden Trap,Hidden Trap,"Japanese, French, German, Italian, Spanish, Korean, Dutch, Portuguese, Russian, Simplified Chinese, Traditional Chinese, American English","November 6, 2025"
242,Last Order,$19.99,"Nintendo Switch: 326 MB , Nintendo Switch 2: 326 MB","TV mode , Tabletop mode , Handheld mode",Chưa có,Action,Nintendo Switch,KujiraDanceRoom,KujiraDanceRoom,"Japanese, American English","November 6, 2025"
243,Traditional Tactics with SESS-AI 2.0,$4.99,"Nintendo Switch: 278 MB , Nintendo Switch 2: 278 MB","TV mode , Tabletop mode , Handheld mode",Chưa có,"Role playing , Strategy",Nintendo Switch,Daidai,Chưa có,"Japanese, British English, American English","November 6, 2025"
244,Rammy's Great Adventure Ⅰ&Ⅱ REMAKE,$12.99,"Nintendo Switch: 350 MB , Nintendo Switch 2: 350 MB","TV mode , Tabletop mode , Handheld mode",Chưa có,Role playing,Nintendo Switch,DATT JAPAN,DATT JAPAN,"Japanese, British English, American English","November 6, 2025"
245,Celestial Fall,$9.99,"Nintendo Switch: 1.4 GB , Nintendo Switch 2: 1.4 GB","TV mode , Tabletop mode , Handheld mode",Chưa có,Action,Nintendo Switch,EpiXR Games,EpiXR Games,"Japanese, French, German, Italian, Spanish, Korean, Dutch, Portuguese, Russian, Simplified Chinese, Brazilian Portuguese, American English","November 6, 2025"
246,HELLO KITTY AND FRIENDS: FREEZE TAG PARTY,$39.99,"Nintendo Switch: 1.1 GB , Nintendo Switch 2: 1.1 GB","TV mode , Tabletop mode , Handheld mode",Single System (1-2),Action,Nintendo Switch,Nighthawk Interactive,Nighthawk Interactive,"French, German, Italian, Spanish, American English","November 6, 2025"
247,My Cozy Aquarium,$10.99,"Nintendo Switch: 1.5 GB , Nintendo Switch 2: 1.5 GB","TV mode , Tabletop mode , Handheld mode",Chưa có,Simulation,Nintendo Switch,REDDEER.GAMES,Chưa có,"Japanese, French, German, Brazilian Portuguese, American English","November 6, 2025"
248,Boxes: Lost Fragment,$14.99,"Nintendo Switch: 1.2 GB , Nintendo Switch 2: 1.2 GB","TV mode , Handheld mode",Chưa có,Puzzle,Nintendo Switch,Snapbreak Games,Snapbreak Games,"Japanese, French, German, Italian, Spanish, Korean, Russian, Simplified Chinese, Brazilian Portuguese, Traditional Chinese, American English","November 6, 2025"
249,Dollmare,$4.99,"Nintendo Switch: 609 MB , Nintendo Switch 2: 609 MB","TV mode , Tabletop mode , Handheld mode",Chưa có,Adventure,Nintendo Switch,Feardemic,Feardemic,"Japanese, British English, French, German, Spanish, Korean, Portuguese, Russian, Simplified Chinese, Traditional Chinese","November 6, 2025"
250,Outlanders,$9.99,"Nintendo Switch: 1.2 GB , Nintendo Switch 2: 1.2 GB","TV mode , Tabletop mode , Handheld mode",Chưa có,Simulation,Nintendo Switch,Pomelo Games,Pomelo Games,"Japanese, British English, French, German, Italian, Spanish, Korean, Dutch, Portuguese, Russian, Simplified Chinese, Latin American Spanish, Canadian French, Brazilian Portuguese, Traditional Chinese, American English","November 6, 2025"
251,Finding Chuchu,$11.00,"Nintendo Switch: 1 GB , Nintendo Switch 2: 1 GB","TV mode , Tabletop mode , Handheld mode",Chưa có,Shooting,Nintendo Switch,ODDCADIA,Chưa có,"Japanese, German, Spanish, Korean, Russian, Simplified Chinese, Traditional Chinese, American English","November 6, 2025"
252,UFO Builder,$4.99,"Nintendo Switch: 300 MB , Nintendo Switch 2: 300 MB","TV mode , Tabletop mode , Handheld mode",Chưa có,Action,Nintendo Switch,NOSTRA GAMES,Chưa có,American English,"November 6, 2025"
253,Strike Force Heroes,$24.99,"Nintendo Switch: 1.2 GB , Nintendo Switch 2: 1.2 GB","TV mode , Tabletop mode , Handheld mode",Chưa có,"Action , Shooting",Nintendo Switch,IndieArk,Chưa có,"Japanese, British English, French, German, Korean, Russian, Simplified Chinese, Latin American Spanish, Brazilian Portuguese","November 6, 2025"
254,Mission: Mars,$14.99,"Nintendo Switch: 1.2 GB , Nintendo Switch 2: 1.2 GB","TV mode , Tabletop mode , Handheld mode",Chưa có,"Action , Shooting",Nintendo Switch,Eclipse Interactive,Chưa có,American English,"November 6, 2025"
255,Chicken Police: Into the HIVE!,$24.99,"Nintendo Switch: 2.2 GB , Nintendo Switch 2: 2.2 GB","TV mode , Tabletop mode , Handheld mode",Chưa có,Adventure,Nintendo Switch,Joystick Ventures,Joystick Ventures,"Japanese, French, German, Spanish, Korean, Russian, Simplified Chinese, Brazilian Portuguese, Traditional Chinese, American English","November 6, 2025"
256,Of Blades & Tails,$14.99,"Nintendo Switch: 256 MB , Nintendo Switch 2: 256 MB","TV mode , Tabletop mode , Handheld mode",Chưa có,Role playing,Nintendo Switch,Pineapple Works,Pineapple Works,"Japanese, French, German, Spanish, Korean, Russian, Simplified Chinese, Brazilian Portuguese, American English","November 6, 2025"
257,Bipedal Party,$31.48,Chưa có,Chưa có,Chưa có,"Action , Adventure",Nintendo Switch,Postmeta Games,Chưa có,Chưa có,"November 5, 2025"
258,SHARK SIEGE - TOGETHER SURVIVAL,$7.99,"Nintendo Switch: 1.5 GB , Nintendo Switch 2: 1.5 GB","TV mode , Tabletop mode , Handheld mode",Chưa có,"Action , Adventure",Nintendo Switch,Great Escape Games Publishing,Chưa có,British English,"November 5, 2025"
259,Dragon Snack,$4.99,"Nintendo Switch: 141 MB , Nintendo Switch 2: 141 MB","TV mode , Tabletop mode , Handheld mode",Chưa có,Puzzle,Nintendo Switch,Afil Games,Chưa có,"Portuguese, American English","November 5, 2025"
260,Twilight Parade: Moonlit Mononoke,$5.99,"Nintendo Switch: 124 MB , Nintendo Switch 2: 124 MB","TV mode , Tabletop mode , Handheld mode",Chưa có,Shooting,Nintendo Switch,eastasiasoft,eastasiasoft,"Japanese, French, German, Spanish, Korean, Russian, Simplified Chinese, Brazilian Portuguese, Traditional Chinese, American English","November 5, 2025"
261,The Fable: Manga Build Roguelike,$9.99,"Nintendo Switch: 340 MB , Nintendo Switch 2: 340 MB","TV mode , Tabletop mode , Handheld mode",Chưa có,"Puzzle , Strategy",Nintendo Switch,KODANSHA,Chưa có,"Japanese, Simplified Chinese, American English","November 5, 2025"
262,Biped 2,$19.99,"Nintendo Switch: 4 GB , Nintendo Switch 2: 4 GB","TV mode , Tabletop mode , Handheld mode","Single System (1-4) , Online (2-4)","Action , Adventure",Nintendo Switch,Postmeta Games,Postmeta Games,"Japanese, French, German, Italian, Spanish, Korean, Russian, Simplified Chinese, Brazilian Portuguese, Traditional Chinese, American English","November 5, 2025"
263,Dark Quest 4,$19.99,"Nintendo Switch: 2.2 GB , Nintendo Switch 2: 2.2 GB","TV mode , Tabletop mode , Handheld mode",Single System (1-3),"Adventure , Strategy",Nintendo Switch,Brain Seal Entertainment,Brain Seal Entertainment,"Japanese, British English, French, German, Italian, Spanish, Korean, Dutch, Portuguese, Russian, Simplified Chinese, Latin American Spanish, Canadian French, Brazilian Portuguese, Traditional Chinese, American English","November 5, 2025"
264,NYAZ ~ OPERATION: OCCUPY HOUSE OF KOBAYASHI ~,$9.90,"Nintendo Switch: 447 MB , Nintendo Switch 2: 447 MB","TV mode , Tabletop mode , Handheld mode",Chưa có,Role playing,Nintendo Switch,G CHOICE,Chưa có,Japanese,"November 5, 2025"
265,Dinkum,$19.99,"Nintendo Switch: 811 MB , Nintendo Switch 2: 811 MB","TV mode , Tabletop mode , Handheld mode",Chưa có,Action,Nintendo Switch,KRAFTON,Chưa có,"Japanese, British English, French, German, Italian, Spanish, Korean, Portuguese, Russian, Simplified Chinese, Latin American Spanish, Canadian French, Brazilian Portuguese, Traditional Chinese, American English","November 5, 2025"
266,Let's Sing 2026,,"Nintendo Switch: 1.7 GB , Nintendo Switch 2: 1.7 GB","TV mode , Tabletop mode , Handheld mode",Single System (1-4),"Application , Music",Nintendo Switch,PLAION,Chưa có,"French, German, Spanish, American English","November 4, 2025"
267,Insane Bundle with 21 GAMES,$29.99,Chưa có,Chưa có,Chưa có,"Action , Adventure , Puzzle , Racing , Shooting , Simulation",Nintendo Switch,GAME NACIONAL,Chưa có,Chưa có,"November 1, 2025"
268,Easy Flight Simulator 2,$9.99,"Nintendo Switch: 823 MB , Nintendo Switch 2: 823 MB","TV mode , Tabletop mode , Handheld mode",Chưa có,"Action , Simulation",Nintendo Switch,Pix Arts,Pix Arts,American English,"November 1, 2025"
269,Drifties,$0.99,"Nintendo Switch: 6.6 GB , Nintendo Switch 2: 6.6 GB","TV mode , Tabletop mode , Handheld mode",Chưa có,Racing,Nintendo Switch,Entity3,Entity3,British English,"November 1, 2025"
270,Fish Rescue! Pull the Pin,$1.75,"Nintendo Switch: 140 MB , Nintendo Switch 2: 140 MB","TV mode , Tabletop mode , Handheld mode",Chưa có,Puzzle,Nintendo Switch,globalgamestudio,Chưa có,American English,"November 1, 2025"
271,V’s Rage,$6.99,"Nintendo Switch: 835 MB , Nintendo Switch 2: 835 MB","TV mode , Tabletop mode , Handheld mode",Chưa có,Action,Nintendo Switch,NEWBIX team,NEWBIX team,"Japanese, French, German, Italian, Spanish, Portuguese, Simplified Chinese, American English","November 1, 2025"
272,Age verification,$59.99,Chưa có,Chưa có,Chưa có,Chưa có,Chưa có,Chưa có,Chưa có,Chưa có,Chưa có
273,Learn to Play - Pumpkin Smash!,$1.75,"Nintendo Switch: 72 MB , Nintendo Switch 2: 72 MB","TV mode , Tabletop mode , Handheld mode",Single System (1-2),Action,Nintendo Switch,eastasiasoft,eastasiasoft,American English,"October 31, 2025"
274,Castle Climb Obby,$4.99,"Nintendo Switch: 592 MB , Nintendo Switch 2: 592 MB","TV mode , Tabletop mode , Handheld mode",Chưa có,Action,Nintendo Switch,Downmeadowstreet,Chưa có,American English,"October 31, 2025"
275,Quarantine Area: Zombie Lockdown,$7.99,"Nintendo Switch: 818 MB , Nintendo Switch 2: 818 MB","TV mode , Tabletop mode , Handheld mode",Chưa có,Simulation,Nintendo Switch,DubassGames,Chưa có,"British English, American English","October 31, 2025"
276,Figure It Out: The Tantrum Simulator,$11.99,"Nintendo Switch: 1.4 GB , Nintendo Switch 2: 1.4 GB","TV mode , Tabletop mode , Handheld mode",Chưa có,Puzzle,Nintendo Switch,Pat-o-logic Studio,Chưa có,"British English, Traditional Chinese, American English","October 31, 2025"
277,Beaked Buccaneer,$4.99,"Nintendo Switch: 61 MB , Nintendo Switch 2: 61 MB","TV mode , Tabletop mode , Handheld mode",Chưa có,Action,Nintendo Switch,Ratalaika Games,Chưa có,"Brazilian Portuguese, American English","October 31, 2025"
278,Goat Out Of Hell,$4.99,"Nintendo Switch: 56 MB , Nintendo Switch 2: 56 MB","TV mode , Tabletop mode , Handheld mode",Chưa có,Puzzle,Nintendo Switch,Afil Games,Chưa có,"Portuguese, American English","October 31, 2025"
279,Laundry Store Simulator,$14.99,"Nintendo Switch: 862 MB , Nintendo Switch 2: 862 MB","TV mode , Tabletop mode , Handheld mode",Chưa có,Simulation,Nintendo Switch,Console Labs,Chưa có,"Japanese, French, German, Italian, Spanish, Korean, Dutch, Portuguese, Russian, Simplified Chinese, Latin American Spanish, Brazilian Portuguese, Traditional Chinese, American English","October 31, 2025"
280,Trucking School: Truck Simulator Driving 2025,$7.99,"Nintendo Switch: 2 GB , Nintendo Switch 2: 2 GB","TV mode , Tabletop mode , Handheld mode",Chưa có,Simulation,Nintendo Switch,GBTUI,Chưa có,British English,"October 31, 2025"
281,Releaseburg,$9.99,"Nintendo Switch: 356 MB , Nintendo Switch 2: 356 MB","TV mode , Tabletop mode , Handheld mode",Chưa có,"Action , Shooting",Nintendo Switch,Drageus Games,Chưa có,"British English, American English","October 31, 2025"
282,Age verification,$59.99,Chưa có,Chưa có,Chưa có,Chưa có,Chưa có,Chưa có,Chưa có,Chưa có,Chưa có
283,Age verification,$59.99,Chưa có,Chưa có,Chưa có,Chưa có,Chưa có,Chưa có,Chưa có,Chưa có,Chưa có
284,Moorhuhn 2,$6.99,"Nintendo Switch: 105 MB , Nintendo Switch 2: 105 MB","TV mode , Tabletop mode , Handheld mode",Chưa có,Shooting,Nintendo Switch,Higgs Games,Higgs Games,"Japanese, British English, French, German, Italian, Spanish, Korean, Dutch, Portuguese, Russian, Simplified Chinese, Brazilian Portuguese, Traditional Chinese, American English","October 31, 2025"
285,PAW Patrol™ Rescue Wheels™: Championship,$39.99,"Nintendo Switch: 2.6 GB , Nintendo Switch 2: 2.6 GB","TV mode , Tabletop mode , Handheld mode",Single System (1-2),Racing,Nintendo Switch,Outright Games,Outright Games,"British English, French, German, Italian, Spanish, Dutch, Simplified Chinese, Latin American Spanish, Brazilian Portuguese, Traditional Chinese, American English","October 31, 2025"
286,Mina the Hollower,,Chưa có,"TV mode , Tabletop mode , Handheld mode",Chưa có,Chưa có,Nintendo Switch,Yacht Club Games,Yacht Club Games,"Japanese, French, German, Italian, Korean, Russian, Simplified Chinese, Latin American Spanish, Brazilian Portuguese, Traditional Chinese, American English","October 31, 2025"
287,PyroMind,$2.99,"Nintendo Switch: 91 MB , Nintendo Switch 2: 91 MB","TV mode , Tabletop mode , Handheld mode",Single System (1-2),Puzzle,Nintendo Switch,Untold Tales,Chưa có,American English,"October 31, 2025"
288,Toziuha Night: Order of the Alchemists,$19.99,"Nintendo Switch: 872 MB , Nintendo Switch 2: 872 MB","TV mode , Tabletop mode , Handheld mode",Chưa có,Action,Nintendo Switch,TuanisApps,TuanisApps,"Latin American Spanish, Brazilian Portuguese, American English","October 31, 2025"
289,Tales of Xillia Remastered,$39.99,"Nintendo Switch: 14 GB , Nintendo Switch 2: 14 GB","TV mode , Tabletop mode , Handheld mode",Single System (1-4),"Action , Adventure , Role playing",Nintendo Switch,BANDAI NAMCO Entertainment,BANDAI NAMCO Entertainment,"Latin American Spanish, Canadian French, American English","October 31, 2025"
290,Hunt or Hunted Bundle,$37.48,Chưa có,Chưa có,Chưa có,"Action , Adventure",Nintendo Switch,Akupara Games,Chưa có,Chưa có,"October 30, 2025"
291,Age verification,$59.99,Chưa có,Chưa có,Chưa có,Chưa có,Chưa có,Chưa có,Chưa có,Chưa có,Chưa có
292,DRAGON QUEST - HD-2D Erdrick Trilogy Collection,$99.99,Chưa có,Chưa có,Chưa có,Role playing,Nintendo Switch 2,SQUARE ENIX,Chưa có,Chưa có,"October 30, 2025"
293,DRAGON QUEST - HD-2D Erdrick Trilogy Collection,$99.99,Chưa có,Chưa có,Chưa có,Role playing,Nintendo Switch,SQUARE ENIX,Chưa có,Chưa có,"October 30, 2025"
294,"TetroMosaic, Happy Halloweeen",$6.77,"Nintendo Switch: 472 MB , Nintendo Switch 2: 472 MB","TV mode , Tabletop mode , Handheld mode",Single System (1-2),Puzzle,Nintendo Switch,FuriouSoftPhoenix,FuriouSoftPhoenix,British English,"October 30, 2025"
295,Find It! World Heritage Adventure,$3.99,"Nintendo Switch: 190 MB , Nintendo Switch 2: 190 MB","TV mode , Tabletop mode , Handheld mode",Chưa có,Education,Nintendo Switch,MASK,Chưa có,"Japanese, Korean, Traditional Chinese, American English","October 30, 2025"
296,Brain Training! Kanji Challenge,$3.99,"Nintendo Switch: 471 MB , Nintendo Switch 2: 471 MB","TV mode , Tabletop mode , Handheld mode",Chưa có,Education,Nintendo Switch,MASK,Chưa có,"Japanese, Korean, American English","October 30, 2025"
297,Colorizing: Daydream,$6.99,"Nintendo Switch: 182 MB , Nintendo Switch 2: 182 MB","TV mode , Tabletop mode , Handheld mode",Chưa có,Application,Nintendo Switch,Andrei Ivashentsev,Chưa có,"Japanese, French, German, Korean, Portuguese, Russian, Simplified Chinese, Latin American Spanish, Canadian French, Traditional Chinese, American English","October 30, 2025"
298,COLOREE,$12.99,"Nintendo Switch: 438 MB , Nintendo Switch 2: 438 MB","TV mode , Tabletop mode , Handheld mode",Chưa có,Application,Nintendo Switch,Pancake Games,Chưa có,American English,"October 30, 2025"
299,EGGCONSOLE KISS OF MURDER PC-8801,$6.49,"Nintendo Switch: 61 MB , Nintendo Switch 2: 61 MB","TV mode , Tabletop mode , Handheld mode",Chưa có,Adventure,Nintendo Switch,D4 Enterprise,D4 Enterprise,"Japanese, American English","October 30, 2025"
300,Arcade Archives 2 SCION,$9.99,96 MB,"TV mode , Tabletop mode , Handheld mode",Single System (1-2),Shooting,Nintendo Switch 2,HAMSTER,Chưa có,"Japanese, British English, French, German, Italian, Spanish, Latin American Spanish, Canadian French, American English","October 30, 2025"
